,source,author,title,description,url,urlToImage,publishedAt,content,count,sentiment,datetime
0,"{'id': 'the-wall-street-journal', 'name': 'The Wall Street Journal'}","Brian Spegele, Caitlin Ostroff",Bitcoin Miners Are Giving New Life to Old Fossil-Fuel Power Plants,"The lofty prices of cryptocurrencies have investors sinking money into electricity generation, risking a backlash",https://www.wsj.com/articles/bitcoin-miners-are-giving-new-life-to-old-fossil-fuel-power-plants-11621594803,https://images.wsj.net/im-340698/?size=1.5,2021-05-22T17:40:31Z,"Across America, older fossil-fuel power plants are shutting down in favor of renewable energy. But some are getting a new lease on lifeto mine bitcoin. In upstate New York, an idled coal plant has be… [+7241 chars]",1,0.01090000000000002,2021-05-22
1,"{'id': 'the-wall-street-journal', 'name': 'The Wall Street Journal'}","Caitlin Ostroff, James T. Areddy","Bitcoin, Ether Prices Continue Falling After China Spurs Regulatory Fears","Cryptocurrency prices extend selloff after China orders crackdown on mining, trading",https://www.wsj.com/articles/bitcoin-ether-prices-continue-falling-on-regulatory-fears-11621611655,https://images.wsj.net/im-342034/social,2021-05-21T21:50:00Z,"Cryptocurrency prices dropped Friday, extending the weeks selloff, after new comments from the Chinese government spurred fears of a regulatory clampdown in a country where most bitcoins are created.… [+7201 chars]",1,-0.17439999999999997,2021-05-21
2,"{'id': 'the-wall-street-journal', 'name': 'The Wall Street Journal'}","Paul J. Davies, Caitlin Ostroff",Bitcoin Price Bounces After Cryptocurrency Crash Shocks Market - The Wall Street Journal,"<ol><li>Bitcoin Price Bounces After Cryptocurrency Crash Shocks Market  The Wall Street Journal
</li><li>Bitcoin back above $40K, Dogecoin jumps on Musk tweet  Yahoo Finance
</li><li>Bitcoin has to 'get over what Elon Musk has to say' to become global curre…",https://www.wsj.com/articles/bitcoin-price-bounces-after-crypto-crash-shocks-market-11621508116,https://images.wsj.net/im-341303/social,2021-05-20T17:13:00Z,"The prices of ether and other cryptocurrencies found some respite Thursday, following a frenzied selloff that delivered a sharp blow to investors swept up in a euphoric rally since late last year.
B… [+1188 chars]",1,-0.6486,2021-05-20
3,"{'id': 'the-wall-street-journal', 'name': 'The Wall Street Journal'}","Paul Kiernan, Joe Wallace","Markets Decline Globally, and Fed Hints at a Policy Review","Shares, commodities and other assets decline amid volatile trading as risk-takers lose heart",https://www.wsj.com/articles/markets-decline-globally-and-fed-hints-at-a-policy-review-11621468563,https://images.wsj.net/im-341188/social,2021-05-19T23:56:00Z,"U.S. stocks, commodities, overseas shares and bitcoin dropped in turbulent trading Wednesday as investors risk appetite diminished and the Federal Reserve signaled an eventual shift away from its eas… [+1043 chars]",1,0.0258,2021-05-19
4,"{'id': 'the-wall-street-journal', 'name': 'The Wall Street Journal'}","Anna Hirtenstein, Caitlin Ostroff, Alexander Osipovich",BILLIONS WIPED,"Investors have shunned riskier assets this week, marking a sudden shift in mood that is delivering heavy losses to inexperienced traders",https://www.wsj.com/articles/bitcoin-and-dogecoin-prices-tumble-as-investors-sour-on-cryptos-11621435489,https://images.wsj.net/im-340646/social,2021-05-19T16:07:36Z,"Bitcoin, dogecoin and other cryptocurrencies plunged in value on Wednesday as investors soured on the speculative bets that have soared in popularity this year.Bitcoins price tumbled as much as 30% s… [+4152 chars]",1,-0.26335,2021-05-19
5,"{'id': 'the-wall-street-journal', 'name': 'The Wall Street Journal'}",Collin Eaton,Colonial Pipeline CEO Tells Why He Paid Hackers a $4.4 Million Ransom,Joseph Blount says he needed to quickly restore service after cyberattack threatened East Coast supply,https://www.wsj.com/articles/colonial-pipeline-ceo-tells-why-he-paid-hackers-a-4-4-million-ransom-11621435636,https://images.wsj.net/im-340441/social,2021-05-19T14:47:00Z,"The operator of the Colonial Pipeline learned it was in trouble at daybreak on May 7, when an employee found a ransom note from hackers on a control-room computer. By that night, the companys chief e… [+6578 chars]",1,-0.10115,2021-05-19
6,"{'id': 'the-wall-street-journal', 'name': 'The Wall Street Journal'}",James Willhite,"Bitcoin Drops Below $40,000, Target’s Shares Gain: What to Watch When the Stock Market Opens Today - The Wall Street Journal","<ol><li>Bitcoin Drops Below $40,000, Target’s Shares Gain: What to Watch When the Stock Market Opens Today  The Wall Street Journal
</li><li>Dow drops 400 points, Nasdaq falls 1.5% as tech sell-off intensifies amid bitcoin's slide  CNBC
</li><li>The stock m…",https://www.wsj.com/articles/target-take-two-lowes-bitcoin-what-to-watch-when-the-stock-market-opens-today-11621421802,https://images.wsj.net/im-312615/social,2021-05-19T13:30:00Z,"Heres what were watching ahead of Wednesdays opening bell.
<ul><li>U.S. stock futures fell, signaling that the major indexes will extend losses as investors await minutes of the Federal Reserves lat… [+3035 chars]",1,0.6808,2021-05-19
7,"{'id': 'the-wall-street-journal', 'name': 'The Wall Street Journal'}",Caitlin Ostroff,Speculation Over Elon Musk Tweet Prompts Bitcoin Selloff - The Wall Street Journal,"<ol><li>Speculation Over Elon Musk Tweet Prompts Bitcoin Selloff  The Wall Street Journal
</li><li>Grayscale CEO on Elon Musk's tweet rattling crypto markets  CNBC Television
</li><li>Dogecoin Co-Creator Amid Elon Musk Criticism Says There Should Be No 'War…",https://www.wsj.com/articles/speculation-over-elon-musk-tweet-prompts-bitcoin-selloff-11621256366,https://images.wsj.net/im-339350/social,2021-05-17T12:59:00Z,"Bitcoins dollar value fell more than 7% after a tweet from
Tesla Inc.
 TSLA -3.27%
Chief Executive
Elon Musk
prompted speculation that the electric-car maker had sold, or would sell, its holding… [+1646 chars]",1,-0.31245,2021-05-17
8,"{'id': 'the-wall-street-journal', 'name': 'The Wall Street Journal'}","Peter Santilli, Caitlin Ostroff, Paul Vigna",The Factors Driving Crypto Markets’ Boom and the Challenges Ahead - The Wall Street Journal,"<ol><li>The Factors Driving Crypto Markets’ Boom and the Challenges Ahead  The Wall Street Journal
</li><li>Dogecoin Co-Creator Amid Elon Musk Criticism Says There Should Be No 'War' Between Bitcoin And Meme Crypto  Benzinga
</li><li>Elon Musk's tweets have…",https://www.wsj.com/articles/the-factors-driving-crypto-markets-boom-and-the-challenges-ahead-11621243809,https://images.wsj.net/im-338841/social,2021-05-17T09:30:00Z,"Cryptocurrencies such as bitcoin, ether and dogecoin have surged to highs that few investors would have predicted a year ago. The furious run has even the most optimistic traders asking: Can it last?… [+1426 chars]",1,-0.25434999999999997,2021-05-17
9,"{'id': 'the-wall-street-journal', 'name': 'The Wall Street Journal'}",Laura Saunders,IRS Coming for Crypto Investors Who Haven't Paid Taxes...,"On the hunt for tax cheats, Uncle Sam is winning court battles to force cryptocurrency exchanges to reveal their customers. Your big unreported profits on bitcoin, ether or dogecoin could translate into big problems with the IRS.",https://www.wsj.com/articles/bitcoin-irs-comes-for-crypto-investors-who-havent-paid-their-taxes-11620937095,https://images.wsj.net/im-338247/social,2021-05-14T10:49:36Z,"Cryptocurrencies are explodingand so is the Internal Revenue Services pursuit of Americans who arent paying taxes on them. With Tax Day approaching, its a good time to clean up your act if youve been… [+9172 chars]",1,-0.10115,2021-05-14
10,"{'id': 'the-wall-street-journal', 'name': 'The Wall Street Journal'}","Xie Yu, Anna Hirtenstein",U.S. Stock Futures Edge Down After Wall Street Selloff - The Wall Street Journal,"<ol><li>U.S. Stock Futures Edge Down After Wall Street Selloff  The Wall Street Journal
</li><li>Dow hit with 682 point loss, Nasdaq off 2.7% on inflation beating  Fox Business
</li><li>Futures Rise With Rally At Key Level; Bitcoin Plunges On Tesla Move  In…",https://www.wsj.com/articles/global-markets-dow-update-051321-11620883568,https://images.wsj.net/im-337851/social,2021-05-13T08:10:00Z,"U.S. stock futures wobbled Thursday on continued concerns about inflation, suggesting that the Dow is on track to extend a three-day losing streak.
Futures tied to the S&amp;P 500 slipped 0.4% and t… [+931 chars]",1,-0.3243,2021-05-13
11,"{'id': 'the-wall-street-journal', 'name': 'The Wall Street Journal'}","Caitlin Ostroff, Paul Vigna",Ethereum Luminary Makes $1 Billion Covid-19 Gift—in Shiba Inu Coin - The Wall Street Journal,"<ol><li>Ethereum Luminary Makes $1 Billion Covid-19 Gift—in Shiba Inu Coin  The Wall Street Journal
</li><li>Vitalik's Regift of Unsolicited DOGE Knockoffs Sends Memecoin Prices Plunging - CoinDesk  CoinDesk
</li><li>Uniswap's UNI should become an oracle to…",https://www.wsj.com/articles/ethereum-luminary-makes-1-billion-covid-19-donationin-shiba-inu-coin-11620862550,https://images.wsj.net/im-337748/social,2021-05-13T00:20:00Z,"Vitalik Buterin, co-creator of the crypto network Ethereum, donated more than $1 billion on Wednesday to a relief fund to combat the spread of Covid-19 in India.At least, it was $1 billion when he ma… [+3652 chars]",1,0.0,2021-05-13
12,"{'id': 'the-wall-street-journal', 'name': 'The Wall Street Journal'}",Rebecca Elliott,Elon Musk Says Tesla Suspends Accepting Bitcoin for Vehicle Purchases,Tesla chief says bitcoin will be used for transactions ‘as soon as mining transitions to more sustainable energy’,https://www.wsj.com/articles/elon-musk-says-tesla-suspends-accepting-bitcoin-for-vehicle-purchases-11620858838,https://images.wsj.net/im-337788/social,2021-05-12T22:36:48Z,"Tesla Inc.
 TSLA -4.42%
Chief Executive
Elon Musk
says the company has suspended taking bitcoin payments for its vehicles.
We are concerned about rapidly increasing use of fossil fuels for bitco… [+479 chars]",1,0.1909,2021-05-12
13,"{'id': 'the-wall-street-journal', 'name': 'The Wall Street Journal'}",Robert Mcmillan,Colonial Pipeline Hack Shows Ransomware Emergence as Industrial-Scale Threat,Colonial Pipeline Hack Shows Ransomware Emergence as Industrial-Scale Threatwsj.com,https://www.wsj.com/articles/colonial-pipeline-hack-shows-ransomware-emergence-as-industrial-scale-threat-11620749675,https://images.wsj.net/im-336708/social,2021-05-11T16:34:57Z,"The cyberattack that knocked offline an essential U.S. gasoline pipeline shows that a dangerous, professional-scale hacking-for-ransom threat is worsening, spreading rapidly and plaguing companies, s… [+10599 chars]",1,-0.26335,2021-05-11
14,"{'id': 'the-wall-street-journal', 'name': 'The Wall Street Journal'}",Greg Ip,What Happens to Stocks and Cryptocurrencies When the Fed Stops Raining Money?,An unprecedented fiscal and monetary stimulus led by the Federal Reserve is fueling a new investor euphoria. Is this a new bubble? And when could it burst?,https://www.wsj.com/articles/what-happens-to-stocks-and-cryptocurrencies-when-the-fed-stops-raining-money-11620446420,https://images.wsj.net/im-335419/social,2021-05-09T05:34:55Z,"To veterans of financial bubbles, there is plenty familiar about the present. Stock valuations are their richest since the dot-com bubble in 2000. Home prices are back to their pre-financial crisis p… [+13466 chars]",1,0.26685,2021-05-09
15,"{'id': 'the-wall-street-journal', 'name': 'The Wall Street Journal'}",Caitlin Ostroff,"The NFT Origin Story, Starring Digital Cats...","The NFT Origin Story, Starring Digital Cats...

 
 
 
 (Second column, 12th story, link)

 

 

 
 Related stories:BOOM: SOTHEBY'S, CHRISTIE'S Expect to Sell $1 Billion in Art at Auctions...
Da Vinci 'Head of Bear' drawing seen fetching $16 million...",https://www.wsj.com/articles/the-nft-origin-story-starring-digital-cats-11620446425,https://images.wsj.net/im-335421/social,2021-05-08T13:37:37Z,"When
Erick Calderon
tried to give a colleague a pixelated image of a man in a purple cap as a Secret Santa present in 2018, the colleague didnt want it. Mr. Calderons father got it instead. This Fe… [+5678 chars]",1,0.0,2021-05-08
16,"{'id': 'the-wall-street-journal', 'name': 'The Wall Street Journal'}",Robin Greenwood,"From Dutch Tulips to Internet Stocks, How to Spot a Financial Bubble","“Periods of great innovation are interesting from an investor’s perspective because you can justify a wide range of valuations,” says Robin Greenwood, a Harvard Business School professor who has studied bubbles. He says another classic example was a 1920s boo…",https://www.wsj.com/articles/from-dutch-tulips-to-internet-stocks-bubbles-often-burst-11620379809,https://images.wsj.net/im-335344/social,2021-05-07T00:00:00Z,"About 300 years ago, financiers in Europe found themselves agog about the financial prospects of novel trading companies granted special rights in international commerce by the governments of France … [+5785 chars]",1,0.42775,2021-05-07
17,"{'id': 'the-wall-street-journal', 'name': 'The Wall Street Journal'}",Caitlin Ostroff,"Dogecoin 12,000% Rally Spurs Hunt for Next Crypto Winner...","Dogecoin 12,000% Rally Spurs Hunt for Next Crypto Winner...

 
 
 
 (Second column, 8th story, link)

 

 

 
 Related stories:Grocery Prices Up Steeply From Same Time Last Year...

 

 
 
 Drudge Report Feed needs your support!   Become a Patron",https://www.wsj.com/articles/dogecoins-12-000-rally-spurs-hunt-for-next-crypto-winner-11620293371,https://images.wsj.net/im-334462/social,2021-05-06T11:40:37Z,"After bitcoin and dogecoins blistering rally this year, individual investors are venturing further out into the cryptocurrency universe in search of the next big thing.
A more than 12,000% rally thi… [+1397 chars]",1,0.2287,2021-05-06
18,"{'id': 'the-wall-street-journal', 'name': 'The Wall Street Journal'}",Ryan Dezember,Lumber Prices Break New Records...,"Lumber Prices Break New Records...

 
 
 
 (Third column, 10th story, link)

 

 

 
 Related stories:Shadow Currency Surges Past Deposits of Most Banks...
Ether Hits $3,000 as Bitcoin Dominance Declines...
Munger: Crypto 'contrary to interests of civil…",https://www.wsj.com/articles/record-lumber-prices-lift-sawmills-while-homeowners-do-it-yourselfers-pay-up-11620034201,https://images.wsj.net/im-330658/social,2021-05-03T15:01:37Z,"The frenzied climb in lumber prices is generating superlative profits for sawmill owners. Home buyers, renters and do-it-yourselfers are footing the bill.Wood prices pushed further into record territ… [+4729 chars]",1,0.21075,2021-05-03
19,"{'id': 'the-wall-street-journal', 'name': 'The Wall Street Journal'}",Karen Langley,Stocks Best Start to Presidential Term Since Great Depression...,"Stocks Best Start to Presidential Term Since Great Depression...

 
 
 
 (First column, 4th story, link)

 

 

 
 Related stories:Biden's big bet: He can remake economy without any negative side effects...
Fed sees higher inflation...
Republicans warn …",https://www.wsj.com/articles/stocks-are-off-to-best-start-to-a-presidential-term-since-great-depression-11619688780,https://images.wsj.net/im-330551/social,2021-04-29T11:19:36Z,The stock market is set to close out President Bidens first 100 days in office on Thursday with its best start to a presidential term since the days of Franklin D. Roosevelt.The S&amp;P 500 has risen… [+6587 chars],1,0.8749,2021-04-29
20,"{'id': 'bloomberg', 'name': 'Bloomberg'}",Simon Kennedy,Summers Says Crypto Has Chance of Becoming 'Digital Gold' - Bloomberg,"Former U.S. Treasury Secretary Lawrence Summers said cryptocurrencies could stay a feature of global markets as something akin to “digital gold,” even if their importance in economies will remain limited.",https://www.bloomberg.com/news/articles/2021-05-22/larry-summers-says-crypto-has-chance-of-becoming-digital-gold,https://assets.bwbx.io/images/users/iqjWHBFdfxIU/iadBFEb2kxMY/v0/1200x917.jpg,2021-05-22T07:43:37Z,"Former U.S. Treasury Secretary Lawrence Summers said cryptocurrencies could stay a feature of global markets as something akin to digital gold, even if their importance in economies will remain limit… [+2770 chars]",1,0.29500000000000004,2021-05-22
21,"{'id': 'the-wall-street-journal', 'name': 'The Wall Street Journal'}","Caitlin Ostroff, James T. Areddy","Bitcoin, Ether Prices Continue Falling After China Spurs Regulatory Fears","Cryptocurrency prices extend selloff after China orders crackdown on mining, trading",https://www.wsj.com/articles/bitcoin-ether-prices-continue-falling-on-regulatory-fears-11621611655,https://images.wsj.net/im-342034/social,2021-05-21T21:50:00Z,"Cryptocurrency prices dropped Friday, extending the weeks selloff, after new comments from the Chinese government spurred fears of a regulatory clampdown in a country where most bitcoins are created.… [+7201 chars]",1,-0.17439999999999997,2021-05-21
22,"{'id': 'bloomberg', 'name': 'Bloomberg'}",Margaret Sutherlin,"Evening Briefing Newsletter: Wall Street Whines About Higher Taxes, Crypto Falls - Bloomberg","Evening Briefing Newsletter: Wall Street Whines About Higher Taxes, Crypto Falls  Bloomberg",https://www.bloomberg.com/news/newsletters/2021-05-21/evening-briefing-newsletter-wall-street-whines-about-higher-taxes-crypto-falls,https://assets.bwbx.io/images/users/iqjWHBFdfxIU/iP_Gu96i1Kaw/v0/1200x800.jpg,2021-05-21T21:44:49Z,"Among the richest on Wall Street, members of the rarefied world of private equity are wringing their hands over looming taxes and the closing of the billionaires loophole, as proposed by U.S. Preside… [+4062 chars]",1,-0.4215,2021-05-21
23,"{'id': 'bloomberg', 'name': 'Bloomberg'}",Benjamin Bain,SEC's Peirce Says Bitcoin ETF Approval by U.S. Is Long Overdue - Bloomberg,"Hester Peirce, a Republican member of the U.S. Securities and Exchange Commission, says the Wall Street regulator is running out of excuses for not signing-off on a Bitcoin ETF.",https://www.bloomberg.com/news/articles/2021-05-21/sec-s-peirce-says-bitcoin-etf-approval-by-u-s-is-long-overdue,https://assets.bwbx.io/images/users/iqjWHBFdfxIU/iKR3qUVDTVzQ/v0/1200x800.jpg,2021-05-21T21:37:48Z,"Hester Peirce, a Republican member of the U.S. Securities and Exchange Commission, says the Wall Street regulator is running out of excuses for not signing-off on a Bitcoin ETF.
Its well past time t… [+897 chars]",1,0.38634999999999997,2021-05-21
24,"{'id': 'bloomberg', 'name': 'Bloomberg'}",Mark Gongloff,Bitcoin Is More Modern Art or Religion Than Money - Bloomberg,"Like a shark suspended in formaldehyde, it has value only if we believe it does.",https://www.bloomberg.com/opinion/articles/2021-05-21/bitcoin-is-more-modern-art-or-religion-than-money,https://assets.bwbx.io/images/users/iqjWHBFdfxIU/i8nXLAlCCqyA/v1/1200x851.jpg,2021-05-21T20:43:14Z,"This is Bloomberg Opinion Today, a modern-art installation of Bloomberg Opinions opinions. Sign up here.
Todays Agenda
Damien Hirst with another piece of shark art, ""The Immortal"" (1999).
Maybe Bi… [+6373 chars]",1,0.10115,2021-05-21
25,"{'id': 'bloomberg', 'name': 'Bloomberg'}",Katherine Greifeld,"Behind the Scenes at the Crypto Blaze, a Quieter Market Message - Bloomberg","A bear market in Bitcoin. A bull market in Bitcoin. Taper talk, or talk thereof. The biggest pop for meme stocks of the season. A lot just happened, and yet when the history of this week is written, it’s possible a much quieter development will be the lead.",https://www.bloomberg.com/news/articles/2021-05-21/behind-the-scenes-at-the-crypto-blaze-a-quieter-market-message,https://assets.bwbx.io/images/users/iqjWHBFdfxIU/iKfSVdK.42Cs/v0/1200x800.jpg,2021-05-21T20:12:00Z,"A bear market in Bitcoin. A bull market in Bitcoin. Taper talk, or talk thereof. The biggest pop for 
meme stocks of the season. A lot just happened, and yet when the history of this week is written… [+2917 chars]",1,0.0,2021-05-21
26,"{'id': 'business-insider', 'name': 'Business Insider'}",mfox@businessinsider.com (Matthew Fox),US stocks close mixed as Nasdaq ends 4-week losing streak,The Dow finished higher on Friday as the cryptocurrency decline in bitcoin and ether accelerated.,https://www.businessinsider.com/stock-market-news-today-nasdaq-4-week-losing-streak-ends-2021-5,https://i.insider.com/60a80d93f27b4c0019445ff9?width=1200&format=jpeg,2021-05-21T20:07:50Z,"US stocks were mixed on Friday, with the Dow Jones industrial average leading the market higher as economic optimism remained heightened.
Despite finishing lower, the tech-heavy Nasdaq 100 index man… [+1825 chars]",1,-0.1909,2021-05-21
27,"{'id': 'business-insider', 'name': 'Business Insider'}",mfox@businessinsider.com (Matthew Fox),US stocks close mixed as Nasdaq ends 4-week losing streak,The Dow finished higher on Friday as the cryptocurrency decline in bitcoin and ether accelerated.,https://markets.businessinsider.com/news/stocks/stock-market-news-today-nasdaq-4-week-losing-streak-ends-2021-5-1030456261,https://images2.markets.businessinsider.com/60a80d5be25d05001880cf43?format=jpeg,2021-05-21T20:07:50Z,"Spencer Platt/Getty Images
<ul><li>US stocks closed mixed on Friday, with the Dow Jones industrial average climbing as economic optimism remained heightened.</li><li>The Nasdaq 100 index managed to … [+2284 chars]",1,-0.1909,2021-05-21
28,"{'id': 'business-insider', 'name': 'Business Insider'}",Carla Mozée,"Billionaire media mogul Barry Diller calls cryptocurrencies a 'con,' and says price forecasts are 'nutso'","Summary List PlacementCryptocurrencies are a ""con,"" billionaire investor Barry Diller told CNBC on Friday. He voiced his distrust of the asset class that's been dragged sharply lower this week largely on regulatory concerns.
The chairman of IAC, which runs in…",https://www.businessinsider.com/barry-diller-cryptocurrency-con-billionaire-media-cnbc-nutso-bitcoin-2021-5,https://i.insider.com/60a7fa9cf27b4c0019445f57?width=1200&format=jpeg,2021-05-21T19:23:35Z,"Cryptocurrencies are a ""con,"" billionaire investor Barry Diller told CNBC on Friday. He voiced his distrust of the asset class that's been dragged sharply lower this week largely on regulatory concer… [+1443 chars]",1,-0.20095,2021-05-21
29,"{'id': 'business-insider', 'name': 'Business Insider'}",insider@insider.com (Carla Mozée),"Billionaire media mogul Barry Diller calls cryptocurrencies a 'con,' and says price forecasts are 'nutso'","'This is nutso talk,' said IAC Chairman Barry Diller about various price calls on cryptocurrency which he called 'a con' on CNBC on Friday.",https://markets.businessinsider.com/currencies/news/barry-diller-cryptocurrency-con-billionaire-media-cnbc-nutso-bitcoin-2021-5-1030456205,https://images2.markets.businessinsider.com/60a7f983f27b4c0019445f55?format=jpeg,2021-05-21T19:23:35Z,"IAC Chairman and veteran investor Barry Diller.
Michael Seto/Business Insider
Cryptocurrencies are a ""con,"" billionaire investor Barry Diller told CNBC on Friday. He voiced his distrust of the asse… [+1524 chars]",1,0.0,2021-05-21
30,"{'id': 'bloomberg', 'name': 'Bloomberg'}",Bailey Lipschultz,Retail Traders Are Now Parking Their Cash in Boring Stock ETFs,"Meme stock mania has cooled and now Crypto fever has, too. So what’s a young Reddit retail trader to do with his cash?",https://www.bloomberg.com/news/articles/2021-05-21/retail-traders-are-now-parking-their-cash-in-boring-stock-etfs,https://assets.bwbx.io/images/users/iqjWHBFdfxIU/i2hkUhuhCz8o/v0/1200x644.jpg,2021-05-21T17:25:00Z,"Meme stock mania has cooled and now Crypto fever has, too. So whats a young Reddit retail trader to do with his cash?
The answer, it would appear, is to park it in boring broad stock-market baskets.… [+1793 chars]",1,-0.1591,2021-05-21
31,"{'id': 'bloomberg', 'name': 'Bloomberg'}",Esha Dey,"Tesla (TSLA) Stock Down for Fifth Week, Longest Losing Streak in Three Years",Tesla Inc. shares hit a gloomy milestone -- dropping for a fifth straight week -- after several unflattering headlines and the unveiling of a formidable electric pickup truck by Ford Motor Co.,https://www.bloomberg.com/news/articles/2021-05-21/tesla-is-headed-for-longest-weekly-losing-streak-in-three-years,https://assets.bwbx.io/images/users/iqjWHBFdfxIU/i_moTPeqYwxU/v2/1200x675.png,2021-05-21T17:24:35Z,"Tesla Inc. shares hit a gloomy milestone -- dropping for a fifth straight week -- after several unflattering headlines and the unveiling of a formidable 
electric pickup truck by Ford Motor Co.
The… [+1356 chars]",1,-0.010299999999999976,2021-05-21
32,"{'id': 'business-insider', 'name': 'Business Insider'}",insider@insider.com (Carla Mozée),Bitcoin tumbles 8% after China reiterates call for a mining and trading crackdown,"China reportedly said it will act ""resolutely"" to prevent what it considers social risks stemming from bitcoin activities.",https://markets.businessinsider.com/currencies/news/bitcoin-price-reaction-china-reiterates-crypto-mining-trading-crackdown-2021-5-1030455767,https://images2.markets.businessinsider.com/5ffc6f93d184b30018aae087?format=jpeg,2021-05-21T15:57:30Z,"KTS Design/Science Photo Library/Getty Images
Bitcoin turned sharply lower Friday following reports that China has reiterated its call to restrict mining and trading activities surrounding the world… [+1390 chars]",1,-0.125,2021-05-21
33,"{'id': 'bloomberg', 'name': 'Bloomberg'}",Jonathan Tirone,Crypto Blockchain Chip Stamp Unveiled by Austrian Post With $12 Moby Dick Stamp,Austria’s postal service is tapping rising investor interest in cryptocurrency assets with a new stamp it says will be the first to carry an embedded chip that stores information on a blockchain.,https://www.bloomberg.com/news/articles/2021-05-21/austrian-post-hunts-crypto-whales-with-12-moby-dick-stamp,https://assets.bwbx.io/images/users/iqjWHBFdfxIU/iENwBUAR3wJI/v0/1200x728.png,2021-05-21T15:42:21Z,"Austrias postal service is tapping rising investor interest in cryptocurrency assets with a new stamp it says will be the first to carry an embedded chip that stores information on a blockchain.
Oes… [+1036 chars]",1,0.030649999999999955,2021-05-21
34,"{'id': 'bloomberg', 'name': 'Bloomberg'}","Joe Weisenthal, Tracy Alloway","TRANSCRIPT: Aaron Lammer On Yield Farming, DeFi, And Ethereum","On this episode of Odd Lots, we speak with Aaron Lammer, the host of the Exit Scam podcast and an avid DeFi trader. He talks about his trading on Uniswap, the concept of yield farming, and much more. Transcripts have been lightly edited for clarity.",https://www.bloomberg.com/news/articles/2021-05-21/transcript-aaron-lammer-on-yield-farming-defi-and-ethereum,https://assets.bwbx.io/images/users/iqjWHBFdfxIU/iSEuZNkfTR40/v0/1200x900.jpg,2021-05-21T14:51:42Z,"On this episode of Odd Lots, we speak with Aaron Lammer, the host of the Exit Scam podcast and an avid DeFi trader. He talks about his trading on Uniswap, the concept of yield farming, and much more.… [+59005 chars]",1,-0.1366,2021-05-21
35,"{'id': 'business-insider', 'name': 'Business Insider'}",Emily Graffeo,"The recent crypto sell-off was a healthy capitulation and hasn't undermined the bull case for blockchain technology, Jefferies says","Summary List PlacementThe cryptocurrency sell-off earlier this week that saw bitcoin plunge as low as $30,000 hasn't undermined the bull case for crypto assets and blockchain technology, Jefferies'  global head of equity strategy said. ""This looks like health…",https://www.businessinsider.com/crypto-bitcoin-plunge-selloff-outlook-bullish-blockchain-rally-healthy-jefferies-2021-5,https://i.insider.com/60a7b673e25d05001880cd05?width=1200&format=jpeg,2021-05-21T14:30:56Z,"The cryptocurrency sell-off earlier this week that saw bitcoin plunge as low as $30,000 hasn't undermined the bull case for crypto assets and blockchain technology, Jefferies'  global head of equity … [+1802 chars]",1,0.54145,2021-05-21
36,"{'id': 'business-insider', 'name': 'Business Insider'}",egraffeo@businessinsider.com (Emily Graffeo),"The recent crypto sell-off was a healthy capitulation and hasn't undermined the bull case for blockchain technology, Jefferies says","Jefferies' global head of equity strategy is still bullish on crypto, though he added there is room for debate about which assets should be owned.",https://markets.businessinsider.com/currencies/news/crypto-bitcoin-plunge-selloff-outlook-bullish-blockchain-rally-healthy-jefferies-2021-5-1030455505,https://images2.markets.businessinsider.com/60a7b673f27b4c0019445d25?format=jpeg,2021-05-21T14:30:56Z,"Andriy Onufriyenko/Getty Images
The cryptocurrency sell-off earlier this week that saw bitcoin plunge as low as $30,000 hasn't undermined the bull case for crypto assets and blockchain technology, J… [+1836 chars]",1,0.38260000000000005,2021-05-21
37,"{'id': 'business-insider', 'name': 'Business Insider'}",Matthew Fox,US stocks climb as Nasdaq looks to snap 4-week losing streak,"Summary List Placement<ul>
<li>US stocks moved higher on Friday trade as the tech-heavy Nasdaq 100 attempts to snap a four-week losing streak.</li>
<li>Optimism towards an improving US economy continued following the release of Leading Economic Index from the…",https://markets.businessinsider.com/news/stocks/stock-market-news-today-nasdaq-snap-4-week-losing-streak-2021-5-1030455253,https://images2.markets.businessinsider.com/60a7b259f27b4c0019445d10?format=jpeg,2021-05-21T13:39:47Z,"Xinhua/Wang Ying/Getty Images
US stocks climbed on Friday, setting up the Nasdaq 100 to snap a four-week losing streak.
The move higher in stocks comes as optimism towards an improving US economy i… [+1503 chars]",1,-0.1651,2021-05-21
38,"{'id': 'bloomberg', 'name': 'Bloomberg'}",Editorial Board,"Whatever Bitcoin Is, It Isn't Acting Like Money - Bloomberg",Its price is completely disconnected from any practical use.,https://www.bloomberg.com/opinion/articles/2021-05-21/whatever-bitcoin-is-it-isn-t-acting-like-money,https://assets.bwbx.io/images/users/iqjWHBFdfxIU/ig.woUsW2vUE/v0/1200x800.jpg,2021-05-21T12:00:24Z,"Anyone who still thinks Bitcoin is a viable form of 
money should have learned otherwise this week. The cryptocurrencys wild fluctuations say it isnt. For those just looking to get rich quick, the m… [+1975 chars]",1,-0.13775,2021-05-21
39,"{'id': 'business-insider', 'name': 'Business Insider'}",Kari McMahon,Legendary crypto trader Scott Melker shares the beauty of the dogecoin trade beloved by the crypto community — and 2 tips for rookie traders,"Summary List PlacementSince the start of the year, joke cryptocurrency dogecoin (DOGE) has surged 6,800% and over the past 12 months has surged by 15,600%.
But for legendary crypto trader and influencer Scott Melker, dogecoin is a sore spot.
""Honestly, do you…",https://www.businessinsider.com/crypto-trading-tips-investing-strategy-doge-dogecoin-trader-scott-melker-2021-5,https://i.insider.com/60a76ff8e25d05001880ccaf?width=1200&format=jpeg,2021-05-21T11:43:28Z,"Since the start of the year, joke cryptocurrency dogecoin (DOGE) has surged 6,800% and over the past 12 months has surged by 15,600%.
But for legendary crypto trader and influencer Scott Melker, dog… [+5324 chars]",1,0.38734999999999997,2021-05-21
40,"{'id': 'bloomberg', 'name': 'Bloomberg'}","Yakob Peterseil, Anchalee Worrachate",Crypto Hedge Funds Buy the Dip in Bitcoin's Week of Reckoning,Felix Dian is in fighting spirits after this week’s crypto meltdown.,https://www.bloomberg.com/news/articles/2021-05-21/crypto-hedge-funds-buy-the-dip-in-bitcoin-s-week-of-reckoning,https://assets.bwbx.io/images/users/iqjWHBFdfxIU/ihc0wMqyBgj8/v0/1200x675.jpg,2021-05-21T11:18:21Z,"Felix Dian is in fighting spirits after this weeks crypto meltdown.
Like many pros, the former Morgan Stanley trader says Bitcoins volatility actually shows why hedge funds are in the digital-curren… [+3054 chars]",1,-0.1806,2021-05-21
41,"{'id': 'business-insider', 'name': 'Business Insider'}",snagarajan@businessinsider.com (Shalini Nagarajan),10 things you need to know before the opening bell,This is what traders are talking about.,https://markets.businessinsider.com/news/stocks/opening-bell-may-21-2021-5-1030454451,https://images2.markets.businessinsider.com/60a780daf27b4c0019445caa?format=jpeg,2021-05-21T10:08:00Z,"Bryan R. Smith/AFP/Getty Images
Welcome to 10 Things Before the Opening Bell. Sign up here to get this email in your inbox every morning.
Sign up for Insider Investing for your weekly markets analy… [+1670 chars]",1,0.0,2021-05-21
42,"{'id': 'business-insider', 'name': 'Business Insider'}",Shalini Nagarajan,Ethereum co-creator Vitalik Buterin says there's no malevolent intent behind Elon Musk's support for dogecoin,"Summary List PlacementVitalik Buterin, the 27-year-old co-creator of Ethereum, told CNN this week that he doesn't think Elon Musk's tweets promoting dogecoin are suspicious.
""Elon Musk tweeting is something that the crypto space has only been introduced to fo…",https://markets.businessinsider.com/currencies/news/vitalik-buterin-elon-musk-dogecoin-support-not-malevolent-ethereum-bitcoin-2021-5-1030454390,https://images2.markets.businessinsider.com/60a77112e25d05001880ccb2?format=jpeg,2021-05-21T09:50:06Z,"Vitalik Buterin.
Getty Images/John Phillips
Vitalik Buterin, the 27-year-old co-creator of Ethereum, told CNN this week that he doesn't think Elon Musk's tweets promoting dogecoin are suspicious.
… [+2298 chars]",1,0.064,2021-05-21
43,"{'id': 'business-insider', 'name': 'Business Insider'}",Sophie Kiderlin,"Global shares edge up after US jobs data underscores post-pandemic recovery, while inflation concerns ease","Summary List PlacementGlobal shares edged higher on Friday after weekly initial jobless claims in the US reached a new post-pandemic low, underscoring the strength of the post-pandemic recovery.
The surprisingly stronger data helped soothe some concern that A…",https://markets.businessinsider.com/currencies/news/stock-market-today-global-shares-futures-crypto-crash-gold-oil-2021-5-1030454370,https://images2.markets.businessinsider.com/5fd34e2ae00bce00188bab7b?format=jpeg,2021-05-21T09:31:47Z,"JOHANNES EISELE/AFP via Getty Images
Global shares edged higher on Friday after weekly initial jobless claims in the US reached a new post-pandemic low, underscoring the strength of the post-pandemi… [+3025 chars]",1,0.7234499999999999,2021-05-21
44,"{'id': 'bloomberg', 'name': 'Bloomberg'}",Joanna Ossinger,Crypto's Savage Swings May Deter Big Investors From Jumping In,"Cryptocurrency investors argue that institutional buying is one more reason to be bullish. After Wednesday’s tumble, that’s becoming more and more implausible.",https://www.bloomberg.com/news/articles/2021-05-21/crypto-s-savage-swings-may-deter-big-investors-from-jumping-in,https://assets.bwbx.io/images/users/iqjWHBFdfxIU/iQy4qFCHXvmg/v0/1200x800.jpg,2021-05-21T09:26:52Z,"Follow us @crypto for our full coverage.
Cryptocurrency investors argue that institutional buying is one more reason to be bullish. After Wednesdays tumble, thats becoming more and more implausible.… [+3750 chars]",1,-0.3994,2021-05-21
45,"{'id': 'bloomberg', 'name': 'Bloomberg'}","Eric Lam, Ranjeetha Pakiam",Bitcoin's Claim of Rivaling Gold as Portfolio Hedge Loses Luster,"One-day swings of 31%. A slump amid a jump in U.S. inflation. Ever more critical regulatory scrutiny. Bitcoin delivered all of these in the past few days, undermining its claimed role as a portfolio hedge rivaling gold.",https://www.bloomberg.com/news/articles/2021-05-21/bitcoin-s-claim-of-rivaling-gold-as-portfolio-hedge-loses-luster,https://assets.bwbx.io/images/users/iqjWHBFdfxIU/it2SLTkH6vD4/v0/1200x800.jpg,2021-05-21T08:33:07Z,"Follow us @crypto for our full coverage.
One-day 
swings of 31%. A 
slump amid a jump in U.S. inflation. Ever more critical regulatory 
scrutiny. Bitcoin delivered all of these in the past few da… [+2013 chars]",1,-0.47109999999999996,2021-05-21
46,"{'id': 'business-insider', 'name': 'Business Insider'}",Shalini Nagarajan,Elon Musk says bitcoin can shake off its bad climate reputation if top miners prove they're using green energy,"Summary List PlacementElon Musk said on Thursday top bitcoin miners should post audited data of the renewable energy they possibly use in order to ease concerns over the digital asset's impact on the environment.
The billionaire was responding to a tweet from…",https://markets.businessinsider.com/currencies/news/elon-musk-bitcoin-mining-top-miners-prove-renewable-energy-use-2021-5-1030454239,https://images2.markets.businessinsider.com/60a75aa8f27b4c0019445c87?format=jpeg,2021-05-21T08:21:00Z,"Tesla CEO, Elon Musk.
Pascal Le Segretain/Getty Images
Elon Musk said on Thursday top bitcoin miners should post audited data of the renewable energy they possibly use in order to ease concerns ove… [+1937 chars]",1,0.17074999999999999,2021-05-21
47,"{'id': 'bloomberg', 'name': 'Bloomberg'}",Patrick Sykes,Iran Enlists Its Spies to Hunt Down Power-Hungry Bitcoin Miners,"Iran has enlisted intelligence officers in the government’s latest effort to crack down on illegal cryptocurrency miners, as the nation’s power grid struggles to handle rising electricity consumption.",https://www.bloomberg.com/news/articles/2021-05-21/iran-enlists-its-spies-to-hunt-down-power-hungry-bitcoin-miners,https://assets.bwbx.io/images/users/iqjWHBFdfxIU/iZKKfnprT6lQ/v1/1200x809.jpg,2021-05-21T06:54:58Z,"Iran has enlisted intelligence officers in the governments latest effort to crack down on illegal cryptocurrency miners, as the nations power grid struggles to handle rising electricity consumption.… [+1230 chars]",1,-0.2294,2021-05-21
48,"{'id': 'bloomberg', 'name': 'Bloomberg'}","Joanna Ossinger, Vildana Hajric","Bitcoin (BTC USD) Price Drops After Elon Musk, China Warning, IRS Woes - Bloomberg",Bitcoin is heading into the weekend in freefall again after a fresh warning from Chinese officials over cracking down on cryptocurrencies.,https://www.bloomberg.com/news/articles/2021-05-21/crypto-limps-to-weekend-after-hammer-blows-from-musk-china-tax,https://assets.bwbx.io/images/users/iqjWHBFdfxIU/izK3Draha3N8/v0/1200x800.jpg,2021-05-21T05:51:00Z,"Follow us @crypto for our full coverage.
Bitcoin is heading into the weekend in freefall again after a fresh 
warning from Chinese officials over cracking down on cryptocurrencies.
The largest dig… [+3886 chars]",1,-0.3372,2021-05-21
49,"{'id': 'bloomberg', 'name': 'Bloomberg'}",Sam Unsted,"Stock Markets Today: Israel Cease-Fire, Bitcoin Regulation, Indian Covid Variant - Bloomberg","Stock Markets Today: Israel Cease-Fire, Bitcoin Regulation, Indian Covid Variant  Bloomberg",https://www.bloomberg.com/news/newsletters/2021-05-21/stock-markets-today-israel-cease-fire-bitcoin-regulation-indian-covid-variant,https://assets.bwbx.io/images/users/iqjWHBFdfxIU/iKpRGnN6anmQ/v0/1200x600.png,2021-05-21T05:22:00Z,"Good morning. A cease-fire between Israel and Hamas, increased scrutiny of cryptocurrencies and more cases of the Indian variant in the U.K. Heres whats moving markets.
Cease-Fire
Israel and Hamas … [+5094 chars]",1,0.0,2021-05-21
50,"{'id': 'bloomberg', 'name': 'Bloomberg'}",John Authers,Bitcoin's Messiahs Share the GameStop Rage - Bloomberg,Devotees are driven by rejection of a financial system they perceive as rigged.,https://www.bloomberg.com/opinion/articles/2021-05-21/bitcoin-s-messianic-zeal-shares-the-gamestop-rage,https://assets.bwbx.io/images/users/iqjWHBFdfxIU/iNJ1yzJMd.jI/v1/1200x899.jpg,2021-05-21T04:38:00Z,"To get John Authers' newsletter delivered directly to your inbox, sign up here.
Bitcoin Is Not a Currency, and Other Revelations
One of my favorite moments in Monty Pythons Life of Brian, itself on… [+12905 chars]",1,-0.50525,2021-05-21
51,"{'id': 'bloomberg', 'name': 'Bloomberg'}",,Next China: What Went Wrong in Taiwan,"Taiwan has been applauded throughout the pandemic as a success story, with its economy booming and people going about their lives without needing to worry about Covid. But this week, all of that suddenly changed.",https://www.bloomberg.com/news/newsletters/2021-05-21/next-china-what-went-wrong-in-taiwan,https://assets.bwbx.io/images/users/iqjWHBFdfxIU/iYPPmGKq9Y9s/v0/1200x800.jpg,2021-05-21T03:15:25Z,"Taiwan has been applauded throughout the pandemic as a success story, with its economy booming and people going about their lives without needing to worry about Covid. But this week, all of that sudd… [+5728 chars]",1,0.173,2021-05-21
52,"{'id': 'bloomberg', 'name': 'Bloomberg'}",Andrew Mach,Weekly Watchlist: U.S. Cracks Down on Anti-Asian Hate Crimes,"Greetings, Quicktake readers! This week, the Covid-19 Hate Crimes Act is now the law in the U.S. Plus: How do you mine cryptocurrency? Stream now for free.",https://www.bloomberg.com/news/newsletters/2021-05-21/weekly-watchlist-u-s-cracks-down-on-anti-asian-hate-crimes,https://assets.bwbx.io/images/users/iqjWHBFdfxIU/ie64xe49Y8no/v0/1200x759.jpg,2021-05-21T01:18:22Z,"Greetings, Quicktake readers! This week, the Covid-19 Hate Crimes Act is now the law in the U.S. Plus: How do you mine cryptocurrency? 
Stream now for free.
Anti-Asian hate crimes bill becomes law… [+2743 chars]",1,-0.08579999999999999,2021-05-21
53,"{'id': 'bloomberg', 'name': 'Bloomberg'}","Alyssa McDonald, Cormac Mullen",Five Things You Need to Know to Start Your Day,Life-threatening Covid complications appear to be escalating in India. The U.S. proposes a 15% global corporate tax. Israel and Hamas agree to a ceasefire. Here's what you need to know to start your day.,https://www.bloomberg.com/news/newsletters/2021-05-20/five-things-you-need-to-know-to-start-your-day-koxh3g90,https://assets.bwbx.io/images/users/iqjWHBFdfxIU/iSVfcSG8gid8/v0/1200x800.jpg,2021-05-20T22:35:54Z,Life-threatening Covid complications appear to be escalating in India. The U.S. proposes a 15% global corporate tax. Israel and Hamas agree to a ceasefire. Here's what you need to know to start your … [+4333 chars],1,0.1806,2021-05-20
54,"{'id': 'bloomberg', 'name': 'Bloomberg'}",Sunil Jagtiani,"Stock Market Today: Dow, S&P Live Updates for May. 21, 2021 - Bloomberg",Asian stocks climbed early Friday after technology companies led a Wall Street rebound on economic optimism and easing concern about the possibility of reduced U.S. stimulus. The dollar held a decline.,https://www.bloomberg.com/news/articles/2021-05-20/asia-stocks-to-track-u-s-rise-on-economic-outlook-markets-wrap,https://assets.bwbx.io/images/users/iqjWHBFdfxIU/i98RDLZaYFIw/v0/1200x800.jpg,2021-05-20T21:57:20Z,Asian stocks climbed early Friday after technology companies led a Wall Street rebound on economic optimism and easing concern about the possibility of reduced U.S. stimulus. The dollar held a declin… [+3809 chars],1,0.33525,2021-05-20
55,"{'id': 'bloomberg', 'name': 'Bloomberg'}",David Rovella,Your Evening Briefing: CNA Financial Paid $40 Million to Hackers,Get caught up.,https://www.bloomberg.com/news/newsletters/2021-05-20/evening-briefing-newsletter-cna-financial-paid-a-40-million-ransom-to-hackers,https://assets.bwbx.io/images/users/iqjWHBFdfxIU/iWKabbVCm4rQ/v0/1200x1800.jpg,2021-05-20T21:57:02Z,Technology companies led a rebound in U.S. equities on Thursday after a report showing unemployment applications fell last week to a fresh pandemic low. The latest jobs report comes after mounting co… [+4727 chars],1,0.0,2021-05-20
56,"{'id': 'bloomberg', 'name': 'Bloomberg'}",Mark Gongloff,The Housing Market's Fever May Be About to Break - Bloomberg,The Housing Market's Fever May Be About to Break  Bloomberg,https://www.bloomberg.com/opinion/articles/2021-05-20/the-housing-market-s-fever-may-be-about-to-break,https://assets.bwbx.io/images/users/iqjWHBFdfxIU/i3N5a2tGaKeQ/v1/1200x798.jpg,2021-05-20T20:27:34Z,"This is Bloomberg Opinion Today, a housing development of Bloomberg Opinions opinions. Sign up here.
Todays Agenda
Inflation: Now Slightly More Transitory
Real estate is bonkers these days.
Take … [+6143 chars]",1,0.0,2021-05-20
57,"{'id': 'business-insider', 'name': 'Business Insider'}",insider@insider.com (Carla Mozée),Tech stocks lead a sharp rebound as investors look favorably upon a pandemic low in jobless claims,Technology stocks lead a bounce-back in US stocks after claims for weekly unemployment benefits fall.,https://markets.businessinsider.com/currencies/news/stock-market-news-tech-nasdaq-stocks-sp500-rebound-jobless-claims-2021-5-1030452874,https://images2.markets.businessinsider.com/5f44195b42f43f001ddfeb82?format=jpeg,2021-05-20T20:05:22Z,"Brendan McDermid/Reuters
Technology shares powered higher Thursday and led advances for US stock indexes after weekly jobless claims fell to their lowest level since the COVID-19 pandemic slammed in… [+2603 chars]",1,0.0254,2021-05-20
58,"{'id': 'business-insider', 'name': 'Business Insider'}",ilee@insider.com (Isabelle Lee),The Fed is advancing its efforts to develop a digital currency - and says it will publish a research report this summer,Fed Chair Jerome Powell highlighted how technological advancements have enabled the bank to develop a potential digital currency.,https://markets.businessinsider.com/currencies/news/federal-reserve-central-bank-digital-currency-cbdc-research-report-summer-2021-5-1030452795,https://images2.markets.businessinsider.com/60a6aa0de25d05001880cbb9?format=jpeg,2021-05-20T19:43:52Z,"Reuters
Federal Reserve Chair Jerome Powell on Thursday revealed that the central bank has taken further steps in its exploration of a digital currency and will be releasing a discussion paper this … [+3406 chars]",1,0.0,2021-05-20
59,"{'id': 'bloomberg', 'name': 'Bloomberg'}",Justina Lee,Crypto-Crash Autopsy Shows Billions Erased in Flash Liquidations - Bloomberg,Cryptocurrency markets are stabilizing after a $500 billion Bitcoin wipeout snuffed out a slew of speculative excesses that had been building for months.,https://www.bloomberg.com/news/articles/2021-05-20/crypto-crash-autopsy-shows-billions-erased-in-flash-liquidations,https://assets.bwbx.io/images/users/iqjWHBFdfxIU/iuoD5sOzYq_Y/v0/1200x800.jpg,2021-05-20T18:59:52Z,"Follow us @crypto for our full coverage.
Cryptocurrency markets are 
stabilizing after a $500 billion Bitcoin wipeout snuffed out a slew of speculative excesses that had been building for months.
… [+3643 chars]",1,0.05135,2021-05-20
60,"{'id': 'business-insider', 'name': 'Business Insider'}",insider@insider.com (Ben Gilbert),Elon Musk says he isn't selling his dogecoin: 'I haven't and won't sell any',"Elon Musk is maintaining a hold position on dogecoin despite its volatility. ""I haven't and won't sell any,"" he said Thursday on Twitter.",https://www.businessinsider.com/elon-musk-vows-to-hold-on-dogecoin-2021-5,https://i.insider.com/5ffc4b25d184b30018aae00d?width=1200&format=jpeg,2021-05-20T18:53:52Z,"The ever-volatile meme-based cryptocurrency, dogecoin, just got another shoutout from billionaire Tesla CEO Elon Musk on Thursday afternoon.
""I haven't and won't sell any,"" Musk said on Twitter in r… [+1639 chars]",1,0.0,2021-05-20
61,"{'id': 'bloomberg', 'name': 'Bloomberg'}",Jim Bianco,Why the Bitcoin Crash Was a Big Win for Cryptocurrencies,"Under extreme stress, the decentralized finance system worked as designed.",https://www.bloomberg.com/opinion/articles/2021-05-20/why-the-bitcoin-crash-was-a-big-win-for-cryptocurrencies,https://assets.bwbx.io/images/users/iqjWHBFdfxIU/iNgnHi5KGnbc/v1/1200x800.jpg,2021-05-20T18:39:40Z,"The cryptocurrency market means different things to different people. To many, it represents an object of naked speculation, which consumes almost all the media coverage about the space. For these pe… [+4829 chars]",1,-0.07415,2021-05-20
62,"{'id': 'bloomberg', 'name': 'Bloomberg'}","Donald Moore, Charlie Wells",Should You Invest in Oatly Following Its $1.4 Billion IPO?,The vegan food and drink company has been on a roll lately. Here’s what to consider before putting your money in.,https://www.bloomberg.com/news/articles/2021-05-20/oatly-otly-stock-price-should-you-invest-in-the-company-after-its-ipo,https://assets.bwbx.io/images/users/iqjWHBFdfxIU/iINqUzr5usf4/v0/1200x800.jpg,2021-05-20T17:28:49Z,"You may have tried oat milk in your coffee. But does it belong in your portfolio?
Oatly Group AB, a vegan food and drink maker from Sweden, just raised more than $1.4 billion in an initial public of… [+4622 chars]",1,0.0,2021-05-20
63,"{'id': 'bloomberg', 'name': 'Bloomberg'}",Mark Gongloff,Bitcoin Is Failing at Becoming the Future of Money,"It’s fun to trade, but you wouldn’t want to hedge inflation or buy pizza with it.",https://www.bloomberg.com/opinion/articles/2021-05-19/bitcoin-crash-rebound-on-elon-musk-tweets-shows-its-failings,https://assets.bwbx.io/images/users/iqjWHBFdfxIU/iNDNpMSiu5GA/v1/1200x800.jpg,2021-05-20T17:13:19Z,"This is Bloomberg Opinion Today, a Bitcoin pizza of Bloomberg Opinions opinions. Sign up here.
Todays Agenda
Bitcoin Bubble Bursts, Bounces Back
Maybe we should change Bitcoins name to MuskCoin an… [+6054 chars]",1,-0.06440000000000004,2021-05-20
64,"{'id': 'the-wall-street-journal', 'name': 'The Wall Street Journal'}","Paul J. Davies, Caitlin Ostroff",Bitcoin Price Bounces After Cryptocurrency Crash Shocks Market - The Wall Street Journal,"<ol><li>Bitcoin Price Bounces After Cryptocurrency Crash Shocks Market  The Wall Street Journal
</li><li>Bitcoin back above $40K, Dogecoin jumps on Musk tweet  Yahoo Finance
</li><li>Bitcoin has to 'get over what Elon Musk has to say' to become global curre…",https://www.wsj.com/articles/bitcoin-price-bounces-after-crypto-crash-shocks-market-11621508116,https://images.wsj.net/im-341303/social,2021-05-20T17:13:00Z,"The prices of ether and other cryptocurrencies found some respite Thursday, following a frenzied selloff that delivered a sharp blow to investors swept up in a euphoric rally since late last year.
B… [+1188 chars]",1,-0.6486,2021-05-20
65,"{'id': 'business-insider', 'name': 'Business Insider'}",Matthew Fox,"The US Treasury wants every crypto transfer larger than $10,000 to be reported to the IRS","Summary List Placement<ul>
<li>The US Treasury said a proposal to beef up the IRS includes reporting any transfers of at least $10,000 in cryptocurrencies for tax purposes.</li>
<li>""As with cash transactions, businesses that receive crypto assets with a fair…",https://www.businessinsider.com/us-treasury-crypto-transfer-10000-reported-irs-taxes-bitcoin-btc-2021-5,https://i.insider.com/60a68df3e25d05001880cb34?width=1200&format=jpeg,2021-05-20T17:12:47Z,"The Treasury Department detailed plans to have any cryptocurrency transfers of at least $10,000 to be reported to the Internal Revenue Service in a report on Thursday.
Bitcoin pared its gains and fe… [+1407 chars]",1,0.28175,2021-05-20
66,"{'id': 'business-insider', 'name': 'Business Insider'}",mfox@businessinsider.com (Matthew Fox),"The US Treasury wants every crypto transfer larger than $10,000 to be reported to the IRS","""Cryptocurrency already poses a significant detection problem by facilitating illegal activity broadly including tax evasion,"" the Treasury said.",https://markets.businessinsider.com/currencies/news/us-treasury-crypto-transfer-10000-reported-irs-taxes-bitcoin-btc-2021-5-1030452403,https://images2.markets.businessinsider.com/60a68dd4e25d05001880cb32?format=jpeg,2021-05-20T17:12:47Z,"Win McNamee/Getty Images
<ul><li>The US Treasury said a proposal to beef up the IRS includes reporting any transfers of at least $10,000 in cryptocurrencies for tax purposes.</li><li>""As with cash t… [+1933 chars]",1,-0.18479999999999996,2021-05-20
67,"{'id': 'business-insider', 'name': 'Business Insider'}",Carla Mozée,"Wharton received a $5 million bitcoin donation, its largest-ever crypto gift","Summary List PlacementThe prestigious Wharton School of Business has received a $5 million bitcoin donation, marking the largest cryptocurrency contribution it's ever received.
Wharton, part of the private University of Pennsylvania, said Thursday the donor i…",https://markets.businessinsider.com/currencies/news/wharton-bitcoin-5-million-donation-largest-crypto-gift-business-school-2021-5-1030452354,https://images2.markets.businessinsider.com/60a688e6e25d05001880cb16?format=jpeg,2021-05-20T16:53:13Z,"Erika James, dean of the Wharton School of the University of Pennsylvania.
DardenMBA/YouTube
The prestigious Wharton School of Business has received a $5 million bitcoin donation, marking the large… [+1584 chars]",1,0.2202,2021-05-20
68,"{'id': 'business-insider', 'name': 'Business Insider'}",insider@insider.com (Carla Mozée),"Wharton received a $5 million bitcoin donation, its largest-ever crypto gift",The bitcoin donation will support programs at the Stevens Center for Innovation in Finance.,https://www.businessinsider.com/wharton-bitcoin-5-million-donation-largest-crypto-gift-business-school-2021-5,https://i.insider.com/5d8be4af2e22af4b250b97d3?width=1200&format=jpeg,2021-05-20T16:53:13Z,"The prestigious Wharton School of Business has received a $5 million bitcoin donation, marking the largest cryptocurrency contribution it's ever received.
Wharton, part of the private University of … [+1489 chars]",1,0.5445,2021-05-20
69,"{'id': 'bloomberg', 'name': 'Bloomberg'}",Matt Levine,Money Stuff: Banks Don't Want to Be Paid Back Yet,"Programming note: Money Stuff will be off tomorrow, back on Monday.",https://www.bloomberg.com/news/newsletters/2021-05-20/money-stuff-banks-don-t-want-to-be-paid-back-yet,https://assets.bwbx.io/images/users/iqjWHBFdfxIU/iMDWoZQzfmkU/v0/1200x800.jpg,2021-05-20T16:47:37Z,"Programming note: Money Stuff will be off tomorrow, back on Monday.
Prepayment
Very broadly speaking, a big problem that banks have right now is too much money. The simple way a bank works is that … [+20943 chars]",1,-0.0286,2021-05-20
70,"{'id': 'bloomberg', 'name': 'Bloomberg'}",Matt Levine,Banks Don't Want to Be Paid Back Yet - Bloomberg,"Also bridge loans, unwoke ETFs and a Tesla Bitcoin theory.",https://www.bloomberg.com/opinion/articles/2021-05-20/banks-don-t-want-to-be-paid-back-yet,https://assets.bwbx.io/images/users/iqjWHBFdfxIU/iMDWoZQzfmkU/v0/1200x800.jpg,2021-05-20T16:47:25Z,"Programming note: Money Stuff will be off tomorrow, back on Monday.
Prepayment
Very broadly speaking, a big problem that banks have right now is too much money. The simple way a bank works is that … [+21195 chars]",1,-0.0286,2021-05-20
71,"{'id': 'business-insider', 'name': 'Business Insider'}",Isabelle Lee,"Bitcoin rallies 11% back above $42,000 as a multi-day sell-off subsides (BTC)","Summary List PlacementBitcoin rebounded as much as 11% back above $42,000 on Thursday as a multi-day sell-off subsided.
The price of the cryptocurrency plunged to just above $30,000 at one point on Wednesday, a more than 50% drawdown from its all-time high of…",https://markets.businessinsider.com/currencies/news/bitcoin-price-today-rallies-back-above-42000-sell-off-subsides-2021-5-1030452108,https://images2.markets.businessinsider.com/60a67ad8f27b4c00194459b3?format=jpeg,2021-05-20T16:20:27Z,"Photo Illustration by Thiago Prudêncio/SOPA Images/LightRocket via Getty Images
Bitcoin rebounded as much as 11% back above $42,000 on Thursday as a multi-day sell-off subsided.
The price of the cr… [+2520 chars]",1,0.0,2021-05-20
72,"{'id': 'business-insider', 'name': 'Business Insider'}",ilee@insider.com (Isabelle Lee),"Bitcoin rallies 11% back above $42,000 as a multi-day sell-off subsides",Bitcoin is rebounding after a sharp two-day sell-off. Analysts remain bullish about the prospects of the cryptocurrency long-term.,https://www.businessinsider.com/bitcoin-price-today-rallies-back-above-42000-sell-off-subsides-2021-5,https://i.insider.com/60a67ad8f27b4c00194459b3?width=1200&format=jpeg,2021-05-20T16:08:54Z,"Bitcoin rebounded as much as 11% back above $42,000 on Thursday as a multi-day sell-off subsided.
The price of the cryptocurrency plunged to just above $30,000 at one point on Wednesday, a more than… [+2428 chars]",1,0.148,2021-05-20
73,"{'id': 'bloomberg', 'name': 'Bloomberg'}","Laura Davison, Christopher Condon",Treasury Calls for Crypto Transfers Over $10000 to Be Reported to IRS - Bloomberg,"<ol><li>Treasury Calls for Crypto Transfers Over $10000 to Be Reported to IRS  Bloomberg
</li><li>U.S. Treasury calls for stricter cryptocurrency compliance with IRS, says they pose tax-evasion risk  CNBC
</li><li>Treasury targets tax cheats, cryptocurrenci…",https://www.bloomberg.com/news/articles/2021-05-20/treasury-calls-for-crypto-transfers-over-10-000-reported-to-irs,https://assets.bwbx.io/images/users/iqjWHBFdfxIU/iwzQHMh_aoK0/v0/1200x800.jpg,2021-05-20T16:00:00Z,"Follow us @crypto for our full coverage.
The U.S. Treasury said the Biden administration’s proposal to strengthen tax compliance includes a requirement for transfers of at least $10,000 of cryptocur… [+1376 chars]",1,-0.1372,2021-05-20
74,"{'id': 'bloomberg', 'name': 'Bloomberg'}",Erik Hertzberg,Bank of Canada Calls Crypto Assets an Emerging Vulnerability,"The Bank of Canada said volatility in cryptocurrency assets is an emerging vulnerability to the country’s financial system, a day after a major selloff in the sector.",https://www.bloomberg.com/news/articles/2021-05-20/bank-of-canada-calls-crypto-assets-an-emerging-vulnerability-kowzgh8y,https://assets.bwbx.io/images/users/iqjWHBFdfxIU/iwPF8t8bLXLU/v0/1200x800.jpg,2021-05-20T14:51:38Z,"The 
Bank of Canada said volatility in cryptocurrency assets is an emerging vulnerability to the countrys 
financial system, a day after a major selloff in the sector.
In its 
annual review of fi… [+1364 chars]",1,-0.0516,2021-05-20
75,"{'id': 'business-insider', 'name': 'Business Insider'}",wdaniel@businessinsider.com (Will Daniel),"Coinbase stock could climb 22% as the company is a 'one-stop shop' crypto ecosystem, Wedbush says","Analyst led by Moshe Katri tagged Coinbase with an ""outperform"" rating and a $275 price target on Wednesday.",https://markets.businessinsider.com/news/stocks/coinbase-stock-price-outlook-one-stop-shop-crypto-ecosystem-wedbush-2021-5-1030451743,https://images2.markets.businessinsider.com/60a66cf4e25d05001880ca3a?format=jpeg,2021-05-20T14:37:56Z,"People watch as the logo for Coinbase Global Inc, the biggest U.S. cryptocurrency exchange, is displayed on the Nasdaq MarketSite jumbotron at Times Square in New York, U.S., April 14, 2021.
Shannon… [+2383 chars]",1,0.0,2021-05-20
76,"{'id': 'business-insider', 'name': 'Business Insider'}",Carla Mozée,Stocks climb after jobless claims hit the lowest point since the coronavirus outbreak,"Summary List PlacementMajor US stock indexes gained on Thursday after weekly jobless claims fell to their lowest level since the coronavirus crisis began. The increases marks a reversal of three straight days of declines for the Dow Jones industrial average.
…",https://www.businessinsider.com/stock-market-news-weekly-claims-jobless-drop-coronavirus-low-2021-5,https://i.insider.com/5cf11b0b11e2051f695e99c3?width=1200&format=jpeg,2021-05-20T13:54:04Z,Major US stock indexes gained on Thursday after weekly jobless claims fell to their lowest level since the coronavirus crisis began. The increases marks a reversal of three straight days of declines … [+1690 chars],1,-0.43784999999999996,2021-05-20
77,"{'id': 'business-insider', 'name': 'Business Insider'}",insider@insider.com (Carla Mozée),Stocks climb after jobless claims hit the lowest point since the coronavirus outbreak,"The 444,000 new unemployment filings last week came in below the consensus economist estimate.",https://markets.businessinsider.com/currencies/news/stock-market-news-weekly-claims-jobless-drop-coronavirus-low-2021-5-1030451397,https://images2.markets.businessinsider.com/5cf11b0b11e2051f695e99c3?format=jpeg,2021-05-20T13:54:04Z,"Richard Drew/AP
Major US stock indexes gained on Thursday after weekly jobless claims fell to their lowest level since the coronavirus crisis began. The increases marks a reversal of three straight … [+1704 chars]",1,-0.4111,2021-05-20
78,"{'id': 'bloomberg', 'name': 'Bloomberg'}",Ott Ummelas,"Crypto Swings May Become a Threat, Norway's Central Bank Warns",Norway’s central bank warned that dramatic price swings in cryptocurrency assets could spell trouble for the banking system if lenders continue to increase such investments.,https://www.bloomberg.com/news/articles/2021-05-20/crypto-swings-may-become-a-threat-norway-s-central-bank-warns,https://assets.bwbx.io/images/users/iqjWHBFdfxIU/ioF9A_YUl5Oc/v0/1200x800.jpg,2021-05-20T12:53:57Z,"Sign up for the New Economy Daily newsletter, follow us @economics and subscribe to our podcast.
Norways central bank warned that dramatic price swings in cryptocurrency assets could spell trouble f… [+1614 chars]",1,-0.3941,2021-05-20
79,"{'id': 'bloomberg', 'name': 'Bloomberg'}",Joe Weisenthal,More and More 'Normies' of Finance Are Getting ETH-Pilled,Bitcoin is dumb. That’s not meant to be a criticism or negative at all.,https://www.bloomberg.com/news/articles/2021-05-20/more-and-more-normies-of-finance-are-getting-eth-pilled,https://assets.bwbx.io/images/users/iqjWHBFdfxIU/iL7iTU7prVf4/v1/1200x1002.jpg,2021-05-20T12:38:39Z,"Bitcoin is dumb. Thats not meant to be a criticism or negative at all.
What it simply means is that Bitcoin is designed to do one simple thing, and that one simple thing is hold Bitcoin. OK thats no… [+6743 chars]",1,-0.436,2021-05-20
80,"{'id': 'bloomberg', 'name': 'Bloomberg'}",Davide Scigliuzzo,Wharton Reveals Record Bitcoin Gift Amid Crypto Market Rout,It may seem an odd time for a university to accept Bitcoin as a gift.,https://www.bloomberg.com/news/articles/2021-05-20/wharton-reveals-record-bitcoin-gift-amid-crypto-market-rout,https://assets.bwbx.io/images/users/iqjWHBFdfxIU/i7JUIsRG7u7M/v0/1200x802.jpg,2021-05-20T12:30:00Z,"Follow us @crypto for our full coverage.
It may seem an 
odd time for a university to accept Bitcoin as a gift.
Get started
Violent swings caused the virtual currency to tank as much as 31% at on… [+2384 chars]",1,0.46715,2021-05-20
81,"{'id': 'business-insider', 'name': 'Business Insider'}",tmohamed@businessinsider.com (Theron Mohamed),'Big Short' investor Michael Burry trolls Elon Musk by backing a SpaceX rival,"Burry didn't just bet against Tesla stock last quarter, he also invested in a SPAC that's buying Rocket Lab, one of SpaceX's main competitors.",https://markets.businessinsider.com/news/stocks/big-short-michael-burry-trolls-elon-musk-spacex-rocket-lab-2021-5-1030450294,https://images2.markets.businessinsider.com/60a6406ff27b4c00194458d3?format=jpeg,2021-05-20T11:18:59Z,"Michael Burry and Elon Musk
Jim Spellman; Pool / Getty Images
<ul><li>Michael Burry bet against two of Elon Musk's companies last quarter.</li><li>""The Big Short"" investor bought Tesla puts and bac… [+2758 chars]",1,0.0129,2021-05-20
82,"{'id': 'business-insider', 'name': 'Business Insider'}",tmohamed@businessinsider.com (Theron Mohamed),'Big Short' investor Michael Burry trolls Elon Musk by backing a SpaceX rival,"Burry didn't just bet against Tesla stock last quarter, he also invested in a SPAC that's buying Rocket Lab, one of SpaceX's main competitors.",https://www.businessinsider.com/big-short-michael-burry-trolls-elon-musk-spacex-rocket-lab-2021-5,https://i.insider.com/60a6406ff27b4c00194458d3?width=1200&format=jpeg,2021-05-20T11:18:59Z,"Michael Burry is betting against Elon Musk, one of the world's richest and most powerful men, on two fronts. The contrarian investor didn't just buy options that pay off if Tesla's stock falls, he al… [+2400 chars]",1,0.0129,2021-05-20
83,"{'id': 'business-insider', 'name': 'Business Insider'}",hrobertson@businessinsider.com (Harry Robertson),"Mike Novogratz compared this bitcoin crash to late 2017, when the market plunged into a 'winter' lasting years","Crypto billionaire Mike Novogratz said a boom in alternative coins was overwhelming bitcoin and the cryptocurrency market, like in 2017.",https://markets.businessinsider.com/news/stocks/mike-novogratz-crypto-crash-bitcoin-winter-late-2017-btc-price-2021-5-1030450098,https://images2.markets.businessinsider.com/60a637a0e25d05001880c9dd?format=jpeg,2021-05-20T10:46:02Z,"Mike Novogratz is one of the most high-profile bitcoin and crypto investors.
John Lamparski/Getty Images
Leading crypto investor Mike Novogratz has compared bitcoin's dramatic price crash to late 2… [+2848 chars]",1,-0.02034999999999998,2021-05-20
84,"{'id': 'bloomberg', 'name': 'Bloomberg'}",Sarah Frier,What Happens to the Vaccine Misinformation That Gets Pulled Off Facebook?,Vaccine denialists are finding alternate outlets at home and abroad.,https://www.bloomberg.com/news/newsletters/2021-05-20/what-happens-to-the-vaccine-misinformation-that-gets-pulled-off-facebook,https://assets.bwbx.io/images/users/iqjWHBFdfxIU/iNo1PScv1ufM/v0/1200x764.jpg,2021-05-20T10:45:16Z,"Hey all, its Sarah Frier. Vaccines have been widely available in the U.S. for a while. As a result, the digital conversation about them has had time to mature, as have the defenses against vaccine ru… [+3915 chars]",1,-0.1591,2021-05-20
85,"{'id': 'bloomberg', 'name': 'Bloomberg'}",Lorcan Roche Kelly,Five Things You Need to Know to Start Your Day - Bloomberg,"Claims data due, crypto world calms down, and commodities retreat.",https://www.bloomberg.com/news/newsletters/2021-05-20/five-things-you-need-to-know-to-start-your-day,https://assets.bwbx.io/images/users/iqjWHBFdfxIU/i5qz0NhF6TEA/v0/1200x675.png,2021-05-20T10:30:21Z,"Claims data due, crypto world calms down, and commodities retreat. 
Slowly improving 
Weekly initial jobless claims are expected to creep lower to 450,000, according to the median estimate by econo… [+5301 chars]",1,0.23835,2021-05-20
86,"{'id': 'bloomberg', 'name': 'Bloomberg'}",Charlie Wells,Bloomberg Wealth: Bitcoin's Edge Over the S&P 500,Nerves of steel. That’s what cryptocurrency investors needed Wednesday as tokens such as Bitcoin dropped 31% in the morning only to surge 33% hours later.,https://www.bloomberg.com/news/newsletters/2021-05-20/bitcoin-btc-price-why-the-cryptocurrency-slumped-then-surged,https://assets.bwbx.io/images/users/iqjWHBFdfxIU/iVCZBqwW6HJA/v0/1200x800.jpg,2021-05-20T10:30:17Z,"Nerves of steel. Thats what cryptocurrency investors needed Wednesday as tokens such as Bitcoin dropped 31% in the morning only to surge 33% hours later.
Initially, it seemed like the moment skeptic… [+4301 chars]",1,0.1956,2021-05-20
87,"{'id': 'business-insider', 'name': 'Business Insider'}",Shalini Nagarajan,10 things you need to know before the opening bell,"Summary List PlacementWelcome to 10 Things Before the Opening Bell. Sign up here to get this email in your inbox every morning.
Sign up for Insider Investing for your weekly markets analysis.
1. US futures inch lower as investors digest Fed minutes, bitcoin r…",https://markets.businessinsider.com/news/stocks/opening-bell-may-20-2021-5-1030450022,https://images2.markets.businessinsider.com/60a633e7e25d05001880c9d1?format=jpeg,2021-05-20T10:28:03Z,"Bryan R. Smith / AFP via Getty Images
Welcome to 10 Things Before the Opening Bell. Sign up here to get this email in your inbox every morning.
Sign up for Insider Investing for your weekly markets… [+1530 chars]",1,-0.148,2021-05-20
88,"{'id': 'business-insider', 'name': 'Business Insider'}",Shalini Nagarajan,"Bitcoin has to get over what Elon Musk says to become a global currency, a digital asset investment chief says","Summary List PlacementElon Musk's bitcoin retreat over its energy consumption moved the market, but the digital asset will have to move on from what he says if it is to become a global currency, according to Brian Kelly, founder and CEO of BKCM Digital Asset …",https://markets.businessinsider.com/currencies/news/bitcoin-price-elon-musk-global-currency-brian-kelly-investment-chief-2021-5-1030450020,https://images2.markets.businessinsider.com/60a629d2e25d05001880c9c0?format=jpeg,2021-05-20T10:25:30Z,"Reuters
Elon Musk's bitcoin retreat over its energy consumption moved the market, but the digital asset will have to move on from what he says if it is to become a global currency, according to Bria… [+2118 chars]",1,0.5881500000000001,2021-05-20
89,"{'id': 'business-insider', 'name': 'Business Insider'}",Vicky Ge Huang,7 crypto heavyweights told us what's behind the sudden sell-off that erased over $400 billion from the market in just 24 hours — and whether now is the time to 'buy the dip',"Summary List PlacementA sudden and sharp crypto sell-off on Wednesday erased more than $400 billion from the nascent market in a matter of just 24 hours, according to data from CoinMarketCap. 
Bitcoin tumbled as low as $29,434.57 before recovering to around $…",https://www.businessinsider.com/cryptocurrency-crash-explained-causes-should-i-sell-buy-the-dip-2021-5,https://i.insider.com/60621247c9d73b00186e8f98?width=1200&format=jpeg,2021-05-20T10:05:00Z,"A sudden and sharp crypto sell-off on Wednesday erased more than $400 billion from the nascent market in a matter of just 24 hours, according to data from CoinMarketCap. 
Bitcoin tumbled as low as $… [+12108 chars]",1,-0.125,2021-05-20
90,"{'id': 'bloomberg', 'name': 'Bloomberg'}",Brian Chappatta,Personal Finance: Series I US Savings Bonds Offer Inflation Protection - Bloomberg,Worried about inflation? The U.S. Treasury’s Series I savings bonds have a 3.54% interest rate that will only go up as prices rise.,https://www.bloomberg.com/opinion/articles/2021-05-20/personal-finance-series-i-u-s-savings-bonds-offer-inflation-protection,https://assets.bwbx.io/images/users/iqjWHBFdfxIU/iD6q1sccrzmk/v1/1200x802.jpg,2021-05-20T10:00:23Z,Among the many reasons that investors piled into cryptocurrencies this year was the belief that rampant government spending would erode the value of fiat currencies such as the U.S. dollar (hence the… [+5796 chars],1,0.10115,2021-05-20
91,"{'id': 'bloomberg', 'name': 'Bloomberg'}",,"Hedge Funds at Sohn Bet on Monex, Sea, China Steel Deals, Park24","Chinese steel producers, a cryptocurrency platform, Japanese lasers and parking lots and a Vietnamese jeweler were among bets pitched by Asia hedge funds at the Sohn Investment conference in Hong Kong.",https://www.bloomberg.com/news/articles/2021-05-20/hedge-funds-at-sohn-bet-on-monex-sea-china-steel-deals-park24,https://assets.bwbx.io/images/users/iqjWHBFdfxIU/if2T4QqnXC44/v1/1200x800.jpg,2021-05-20T10:00:05Z,"Chinese steel producers, a cryptocurrency platform, Japanese lasers and parking lots and a Vietnamese jeweler were among bets pitched by Asia hedge funds at the Sohn Investment conference in Hong Kon… [+6363 chars]",1,0.0,2021-05-20
92,"{'id': 'bloomberg', 'name': 'Bloomberg'}",David Wilson,MicroStrategy (MSTR) Is Closest Thing to Bitcoin ($BTC USD) for US Stocks - Bloomberg,"MicroStrategy Inc.’s shares may as well be Bitcoin, based on how closely they track each other. The business-intelligence software maker’s correlation with the cryptocurrrency amounted to 0.81 in the 10 trading days ended Wednesday, according to data compiled…",https://www.bloomberg.com/news/articles/2021-05-20/microstrategy-is-closest-thing-to-bitcoin-for-u-s-stocks-chart,https://assets.bwbx.io/images/users/iqjWHBFdfxIU/iMo6sdlFIyGo/v0/1200x731.jpg,2021-05-20T10:00:00Z,"Mirror Image
MicroStrategy tracks Bitcoin more closely than other cryptocurrency-linked stocks
Source: Bloomberg
MicroStrategy Inc.s shares may as well be Bitcoin, based on how closely they track … [+575 chars]",1,0.2553,2021-05-20
93,"{'id': 'business-insider', 'name': 'Business Insider'}",Brent D. Griffiths,10 Things in Politics: Israel defies Biden's plea,"Summary List PlacementWelcome back to 10 Things in Politics, your weekday look at the biggest stories in DC and beyond. Sign up here to receive this newsletter. P.S.: LeBron is still the GOAT even when he's seeing ""three rims.""
Send tips to bgriffiths@insider…",https://www.businessinsider.com/10-things-in-politics-israel-biden-netanyahu-hamas,https://i.insider.com/60a61dc2e25d05001880c9b0?width=1200&format=jpeg,2021-05-20T09:38:41Z,"Welcome back to 10 Things in Politics, your weekday look at the biggest stories in DC and beyond. Sign up here to receive this newsletter. P.S.: LeBron is still the GOAT even when he's seeing ""three … [+7003 chars]",1,0.0,2021-05-20
94,"{'id': 'business-insider', 'name': 'Business Insider'}",hrobertson@businessinsider.com (Harry Robertson),"US futures inch lower for fourth day as investors digest Fed minutes, while bitcoin rebounds after crypto crash","Stock markets continued to focus on the Fed, but investors kept a wary eye on the wild cryptocurrency markets.",https://markets.businessinsider.com/news/stocks/stock-markets-today-us-futures-fed-minutes-bitcoin-price-crash-2021-5-1030449684,https://images2.markets.businessinsider.com/60a6191df27b4c0019445878?format=jpeg,2021-05-20T08:46:03Z,"US stock index futures inched lower on Thursday morning.
Spencer Platt/Getty Images
US stock index futures inched lower for a fourth day on Thursday after equities fell in the previous session amid… [+3673 chars]",1,-0.2997,2021-05-20
95,"{'id': 'business-insider', 'name': 'Business Insider'}",Jordan Parker Erb,10 things in tech you need to know today,"Summary List PlacementGood morning and welcome to 10 Things in Tech. If this was forwarded to you, sign up here.
Let's get started.
1. Ford debuted its all-electric F-150 truck. The battery-powered truck starts at $40,000 and goes on sale in spring 2022. You …",https://www.businessinsider.com/10-things-in-tech-ford-debuts-electric-f150-lightning-truck-2021-5,https://i.insider.com/60a57005e25d05001880c8c5?width=1200&format=jpeg,2021-05-20T08:35:00Z,"Good morning and welcome to 10 Things in Tech. If this was forwarded to you, sign up here.
Let's get started.
1. Ford debuted its all-electric F-150 truck. The battery-powered truck starts at $40,0… [+2521 chars]",1,0.2294,2021-05-20
96,"{'id': 'business-insider', 'name': 'Business Insider'}",Shalini Nagarajan,Guggenheim's Scott Minerd backtracks on cryptocurrencies by comparing them to Tulipmania — but says the crash doesn't signal the death of crypto,"Summary List PlacementGuggenheim Partners' Scott Minerd compared cryptocurrencies to the Dutch Tulipmania bubble after bitcoin's dramatic sell-off on Wednesday. 
""Crypto has proven to be Tulipmania,"" Minerd said in a tweet. ""As prices rise, tulip bulbs and #c…",https://markets.businessinsider.com/currencies/news/bitcoin-outlook-guggenheim-scott-minerd-cryptocurrencies-tulipmania-crash-2021-5-1030449638,https://images2.markets.businessinsider.com/60a60b37f27b4c001944585a?format=jpeg,2021-05-20T08:33:00Z,"Lucy Nicholson/Reuters
Guggenheim Partners' Scott Minerd compared cryptocurrencies to the Dutch Tulipmania bubble after bitcoin's dramatic sell-off on Wednesday. 
""Crypto has proven to be Tulipmani… [+2772 chars]",1,0.0851,2021-05-20
97,"{'id': 'bloomberg', 'name': 'Bloomberg'}",Eric Lam,China’s Blockchain Stocks Are Avoiding Worst of Bitcoin Carnage,China’s blockchain-linked stocks are a rare quantity: a corner of the cryptocurrency market that’s relatively unscathed amid the rout in digital tokens.,https://www.bloomberg.com/news/articles/2021-05-20/china-s-blockchain-stocks-are-avoiding-worst-of-bitcoin-carnage,https://assets.bwbx.io/images/users/iqjWHBFdfxIU/i6RUDTiifc.k/v1/1200x800.jpg,2021-05-20T07:26:50Z,"Chinas blockchain-linked stocks are a rare quantity: a corner of the cryptocurrency market thats relatively unscathed amid the rout in digital tokens.
A Bloomberg-curated basket of eight Chinese A-s… [+2117 chars]",1,-0.37895,2021-05-20
98,"{'id': 'bloomberg', 'name': 'Bloomberg'}",Joanna Ossinger,Crypto Meltdown Turbocharged by Mix of Leverage and Liquidations,Liquidations and leverage appear to have turbocharged this week’s cryptocurrency meltdown.,https://www.bloomberg.com/news/articles/2021-05-20/crypto-meltdown-turbocharged-by-mix-of-leverage-and-liquidations,https://assets.bwbx.io/images/users/iqjWHBFdfxIU/ijU4mk8GygTE/v0/1200x800.jpg,2021-05-20T05:02:48Z,"Follow us @crypto for our full coverage.
Liquidations and leverage appear to have turbocharged this weeks cryptocurrency meltdown.
Bitcoin dropped as much as 31% Wednesday to near $30,000, and Ethe… [+2651 chars]",1,0.0,2021-05-20
99,"{'id': 'bloomberg', 'name': 'Bloomberg'}","Richard Bravo, John Ainger","EU, U.S. Talk Tariffs to Move Past Trump Era: Brussels Edition - Bloomberg","Welcome to the Brussels Edition, Bloomberg’s daily briefing on what matters most in the heart of the European Union.",https://www.bloomberg.com/news/newsletters/2021-05-20/eu-u-s-talk-tariffs-to-move-past-trump-era-brussels-edition,https://assets.bwbx.io/images/users/iqjWHBFdfxIU/ig0PccJnC48I/v0/1200x661.jpg,2021-05-20T04:57:00Z,"Welcome to the Brussels Edition, Bloombergs daily briefing on what matters most in the heart of the European Union.
EU trade ministers are joined virtually by U.S. Trade Representative Katherine Tai… [+5612 chars]",1,0.23835,2021-05-20
