,source,author,title,description,url,urlToImage,publishedAt,content,count,sentiment,datetime
0,"{'id': 'the-wall-street-journal', 'name': 'The Wall Street Journal'}","Brian Spegele, Caitlin Ostroff",Bitcoin Miners Are Giving New Life to Old Fossil-Fuel Power Plants,"The lofty prices of cryptocurrencies have investors sinking money into electricity generation, risking a backlash",https://www.wsj.com/articles/bitcoin-miners-are-giving-new-life-to-old-fossil-fuel-power-plants-11621594803,https://images.wsj.net/im-340698/?size=1.5,2021-05-22T17:40:31Z,"Across America, older fossil-fuel power plants are shutting down in favor of renewable energy. But some are getting a new lease on lifeto mine bitcoin. In upstate New York, an idled coal plant has be… [+7241 chars]",1,0.01090000000000002,2021-05-22
1,"{'id': 'business-insider', 'name': 'Business Insider'}",Brittany Chang,"Elon Musk says he supports cryptocurrency in a 'battle' over fiat money, like government-backed coins and bills","Summary List PlacementTesla CEO Elon Musk tweeted his support for crypto over fiat money on Saturday, with Bitcoin prices rising on the sentiment.
""The true battle is between fiat and crypto,"" Musk tweeted in response to a Twitter user asking him what he thin…",https://www.businessinsider.com/elon-musk-announces-his-support-for-crypto-over-fiat-money-2021-5,https://i.insider.com/605e19978e71b30018519082?width=1200&format=jpeg,2021-05-22T17:22:58Z,"Tesla CEO Elon Musk tweeted his support for crypto over fiat money on Saturday, with Bitcoin prices rising on the sentiment.
""The true battle is between fiat and crypto,"" Musk tweeted in response to… [+1573 chars]",1,0.5264,2021-05-22
2,"{'id': 'business-insider', 'name': 'Business Insider'}",ndailey@insider.com (Natasha Dailey),How an unemployed day-trader burned by both GameStop and dogecoin ended up owning 20 billion units of a cryptocurrency known as ASS coin,"Day-trader Eric Hackney is a ""thrill-seeking amateur, goaded on by social media,"" Bloomberg reported.",https://www.businessinsider.com/day-trader-owns-20-billion-ass-coins-gamestop-dogecoin-bloomberg-2021-5,https://i.insider.com/60a7f767e25d05001880cebb?width=1200&format=jpeg,2021-05-22T12:35:00Z,"One millennial investor vowed to ""never again"" miss out on gains from hyped-up cryptocurrencies. One $500 investment later, he's now the proud owner of 20 billion units of Australian Safe Shepherd, a… [+2245 chars]",1,-0.3204,2021-05-22
3,"{'id': 'business-insider', 'name': 'Business Insider'}",ndailey@insider.com (Natasha Dailey),How an unemployed day-trader burned by both GameStop and dogecoin ended up owning 20 billion units of a cryptocurrency known as ASS coin,"Day-trader Eric Hackney is a ""thrill-seeking amateur, goaded on by social media,"" Bloomberg reported.",https://markets.businessinsider.com/currencies/news/day-trader-owns-20-billion-ass-coins-gamestop-dogecoin-bloomberg-2021-5-1030456785,https://images2.markets.businessinsider.com/607db61344f45400192077b7?format=jpeg,2021-05-22T12:35:00Z,"Dogecoin is a 'meme' cryptocurrency, seemingly created as a joke
Yuriko Nakao/Getty
One millennial investor vowed to ""never again"" miss out on gains from hyped-up cryptocurrencies. One $500 investm… [+2333 chars]",1,-0.3204,2021-05-22
4,"{'id': 'bloomberg', 'name': 'Bloomberg'}",Tiago Ramos Alfaro,Musk Tweets He Supports Crypto in Battle Against Fiat Currencies,,https://www.bloomberg.com/news/articles/2021-05-22/musk-tweets-he-supports-crypto-in-battle-against-fiat-currencies,https://assets.bwbx.io/images/users/iqjWHBFdfxIU/i57ubeez71hA/v0/1200x800.jpg,2021-05-22T11:44:46Z,"Elon Musk is again tweeting about technology and cryptocurrencies, and this time hes clear on where his support is at.
The true battle is between fiat &amp; crypto. On balance, I support the latter.… [+1341 chars]",1,-0.0129,2021-05-22
5,"{'id': 'the-wall-street-journal', 'name': 'The Wall Street Journal'}","Caitlin Ostroff, James T. Areddy","Bitcoin, Ether Prices Continue Falling After China Spurs Regulatory Fears","Cryptocurrency prices extend selloff after China orders crackdown on mining, trading",https://www.wsj.com/articles/bitcoin-ether-prices-continue-falling-on-regulatory-fears-11621611655,https://images.wsj.net/im-342034/social,2021-05-21T21:50:00Z,"Cryptocurrency prices dropped Friday, extending the weeks selloff, after new comments from the Chinese government spurred fears of a regulatory clampdown in a country where most bitcoins are created.… [+7201 chars]",1,-0.17439999999999997,2021-05-21
6,"{'id': 'bloomberg', 'name': 'Bloomberg'}",Jonathan Tirone,Crypto Blockchain Chip Stamp Unveiled by Austrian Post With $12 Moby Dick Stamp,Austria’s postal service is tapping rising investor interest in cryptocurrency assets with a new stamp it says will be the first to carry an embedded chip that stores information on a blockchain.,https://www.bloomberg.com/news/articles/2021-05-21/austrian-post-hunts-crypto-whales-with-12-moby-dick-stamp,https://assets.bwbx.io/images/users/iqjWHBFdfxIU/iENwBUAR3wJI/v0/1200x728.png,2021-05-21T15:42:21Z,"Austrias postal service is tapping rising investor interest in cryptocurrency assets with a new stamp it says will be the first to carry an embedded chip that stores information on a blockchain.
Oes… [+1036 chars]",1,0.030649999999999955,2021-05-21
7,"{'id': 'bloomberg', 'name': 'Bloomberg'}","Joe Weisenthal, Tracy Alloway","TRANSCRIPT: Aaron Lammer On Yield Farming, DeFi, And Ethereum","On this episode of Odd Lots, we speak with Aaron Lammer, the host of the Exit Scam podcast and an avid DeFi trader. He talks about his trading on Uniswap, the concept of yield farming, and much more. Transcripts have been lightly edited for clarity.",https://www.bloomberg.com/news/articles/2021-05-21/transcript-aaron-lammer-on-yield-farming-defi-and-ethereum,https://assets.bwbx.io/images/users/iqjWHBFdfxIU/iSEuZNkfTR40/v0/1200x900.jpg,2021-05-21T14:51:42Z,"On this episode of Odd Lots, we speak with Aaron Lammer, the host of the Exit Scam podcast and an avid DeFi trader. He talks about his trading on Uniswap, the concept of yield farming, and much more.… [+59005 chars]",1,-0.1366,2021-05-21
8,"{'id': 'business-insider', 'name': 'Business Insider'}",Emily Graffeo,"The recent crypto sell-off was a healthy capitulation and hasn't undermined the bull case for blockchain technology, Jefferies says","Summary List PlacementThe cryptocurrency sell-off earlier this week that saw bitcoin plunge as low as $30,000 hasn't undermined the bull case for crypto assets and blockchain technology, Jefferies'  global head of equity strategy said. ""This looks like health…",https://www.businessinsider.com/crypto-bitcoin-plunge-selloff-outlook-bullish-blockchain-rally-healthy-jefferies-2021-5,https://i.insider.com/60a7b673e25d05001880cd05?width=1200&format=jpeg,2021-05-21T14:30:56Z,"The cryptocurrency sell-off earlier this week that saw bitcoin plunge as low as $30,000 hasn't undermined the bull case for crypto assets and blockchain technology, Jefferies'  global head of equity … [+1802 chars]",1,0.54145,2021-05-21
9,"{'id': 'business-insider', 'name': 'Business Insider'}",egraffeo@businessinsider.com (Emily Graffeo),"The recent crypto sell-off was a healthy capitulation and hasn't undermined the bull case for blockchain technology, Jefferies says","Jefferies' global head of equity strategy is still bullish on crypto, though he added there is room for debate about which assets should be owned.",https://markets.businessinsider.com/currencies/news/crypto-bitcoin-plunge-selloff-outlook-bullish-blockchain-rally-healthy-jefferies-2021-5-1030455505,https://images2.markets.businessinsider.com/60a7b673f27b4c0019445d25?format=jpeg,2021-05-21T14:30:56Z,"Andriy Onufriyenko/Getty Images
The cryptocurrency sell-off earlier this week that saw bitcoin plunge as low as $30,000 hasn't undermined the bull case for crypto assets and blockchain technology, J… [+1836 chars]",1,0.38260000000000005,2021-05-21
10,"{'id': 'business-insider', 'name': 'Business Insider'}",Kari McMahon,Legendary crypto trader Scott Melker shares the beauty of the dogecoin trade beloved by the crypto community — and 2 tips for rookie traders,"Summary List PlacementSince the start of the year, joke cryptocurrency dogecoin (DOGE) has surged 6,800% and over the past 12 months has surged by 15,600%.
But for legendary crypto trader and influencer Scott Melker, dogecoin is a sore spot.
""Honestly, do you…",https://www.businessinsider.com/crypto-trading-tips-investing-strategy-doge-dogecoin-trader-scott-melker-2021-5,https://i.insider.com/60a76ff8e25d05001880ccaf?width=1200&format=jpeg,2021-05-21T11:43:28Z,"Since the start of the year, joke cryptocurrency dogecoin (DOGE) has surged 6,800% and over the past 12 months has surged by 15,600%.
But for legendary crypto trader and influencer Scott Melker, dog… [+5324 chars]",1,0.38734999999999997,2021-05-21
11,"{'id': 'business-insider', 'name': 'Business Insider'}",snagarajan@businessinsider.com (Shalini Nagarajan),10 things you need to know before the opening bell,This is what traders are talking about.,https://markets.businessinsider.com/news/stocks/opening-bell-may-21-2021-5-1030454451,https://images2.markets.businessinsider.com/60a780daf27b4c0019445caa?format=jpeg,2021-05-21T10:08:00Z,"Bryan R. Smith/AFP/Getty Images
Welcome to 10 Things Before the Opening Bell. Sign up here to get this email in your inbox every morning.
Sign up for Insider Investing for your weekly markets analy… [+1670 chars]",1,0.0,2021-05-21
12,"{'id': 'business-insider', 'name': 'Business Insider'}",Jordan Parker Erb,10 things in tech you need to know today,"Summary List PlacementGood morning and welcome to 10 Things in Tech. If this was forwarded to you, sign up here.
Let's get started.
1. Top tech and finance CEOs said George Floyd's death changed their perspective on business leadership. Next week marks one ye…",https://www.businessinsider.com/10-things-in-tech-twitter-verification-elon-musk-dogecoin-2021-5,https://i.insider.com/60a6cd49e25d05001880cc5f?width=1200&format=jpeg,2021-05-21T10:00:00Z,"Good morning and welcome to 10 Things in Tech. If this was forwarded to you, sign up here.
Let's get started.
1. Top tech and finance CEOs said George Floyd's death changed their perspective on bus… [+2606 chars]",1,-0.0129,2021-05-21
13,"{'id': 'business-insider', 'name': 'Business Insider'}",Shalini Nagarajan,Ethereum co-creator Vitalik Buterin says there's no malevolent intent behind Elon Musk's support for dogecoin,"Summary List PlacementVitalik Buterin, the 27-year-old co-creator of Ethereum, told CNN this week that he doesn't think Elon Musk's tweets promoting dogecoin are suspicious.
""Elon Musk tweeting is something that the crypto space has only been introduced to fo…",https://markets.businessinsider.com/currencies/news/vitalik-buterin-elon-musk-dogecoin-support-not-malevolent-ethereum-bitcoin-2021-5-1030454390,https://images2.markets.businessinsider.com/60a77112e25d05001880ccb2?format=jpeg,2021-05-21T09:50:06Z,"Vitalik Buterin.
Getty Images/John Phillips
Vitalik Buterin, the 27-year-old co-creator of Ethereum, told CNN this week that he doesn't think Elon Musk's tweets promoting dogecoin are suspicious.
… [+2298 chars]",1,0.064,2021-05-21
14,"{'id': 'business-insider', 'name': 'Business Insider'}",Shalini Nagarajan,Elon Musk says bitcoin can shake off its bad climate reputation if top miners prove they're using green energy,"Summary List PlacementElon Musk said on Thursday top bitcoin miners should post audited data of the renewable energy they possibly use in order to ease concerns over the digital asset's impact on the environment.
The billionaire was responding to a tweet from…",https://markets.businessinsider.com/currencies/news/elon-musk-bitcoin-mining-top-miners-prove-renewable-energy-use-2021-5-1030454239,https://images2.markets.businessinsider.com/60a75aa8f27b4c0019445c87?format=jpeg,2021-05-21T08:21:00Z,"Tesla CEO, Elon Musk.
Pascal Le Segretain/Getty Images
Elon Musk said on Thursday top bitcoin miners should post audited data of the renewable energy they possibly use in order to ease concerns ove… [+1937 chars]",1,0.17074999999999999,2021-05-21
15,"{'id': 'bloomberg', 'name': 'Bloomberg'}",Justina Lee,Crypto-Crash Autopsy Shows Billions Erased in Flash Liquidations - Bloomberg,Cryptocurrency markets are stabilizing after a $500 billion Bitcoin wipeout snuffed out a slew of speculative excesses that had been building for months.,https://www.bloomberg.com/news/articles/2021-05-20/crypto-crash-autopsy-shows-billions-erased-in-flash-liquidations,https://assets.bwbx.io/images/users/iqjWHBFdfxIU/iuoD5sOzYq_Y/v0/1200x800.jpg,2021-05-20T18:59:52Z,"Follow us @crypto for our full coverage.
Cryptocurrency markets are 
stabilizing after a $500 billion Bitcoin wipeout snuffed out a slew of speculative excesses that had been building for months.
… [+3643 chars]",1,0.05135,2021-05-20
16,"{'id': 'business-insider', 'name': 'Business Insider'}",insider@insider.com (Ben Gilbert),Elon Musk says he isn't selling his dogecoin: 'I haven't and won't sell any',"Elon Musk is maintaining a hold position on dogecoin despite its volatility. ""I haven't and won't sell any,"" he said Thursday on Twitter.",https://www.businessinsider.com/elon-musk-vows-to-hold-on-dogecoin-2021-5,https://i.insider.com/5ffc4b25d184b30018aae00d?width=1200&format=jpeg,2021-05-20T18:53:52Z,"The ever-volatile meme-based cryptocurrency, dogecoin, just got another shoutout from billionaire Tesla CEO Elon Musk on Thursday afternoon.
""I haven't and won't sell any,"" Musk said on Twitter in r… [+1639 chars]",1,0.0,2021-05-20
17,"{'id': 'business-insider', 'name': 'Business Insider'}",egraffeo@businessinsider.com (Emily Graffeo),A mysterious dogecoin whale who owns $15 billion of the cryptocurrency just bought another 420.69 coins,Investors who have been pondering for months who or what is behind the dogecoin whale wallet may have received a clue in the address' transaction history.,https://markets.businessinsider.com/news/stocks/15-billion-dogecoin-whale-address-buys-42069-more-coins-2021-5-1030452495,https://images2.markets.businessinsider.com/60a69542f27b4c0019445ab8?format=jpeg,2021-05-20T17:55:45Z,".
Black Tomato
The world's largest dogecoin address holder just bought 420.69 dogecoins, furthering speculation around the identity of the mysterious ""whale"" who has loaded up on the meme cryptocur… [+1797 chars]",1,0.0,2021-05-20
18,"{'id': 'bloomberg', 'name': 'Bloomberg'}","Donald Moore, Charlie Wells",Should You Invest in Oatly Following Its $1.4 Billion IPO?,The vegan food and drink company has been on a roll lately. Here’s what to consider before putting your money in.,https://www.bloomberg.com/news/articles/2021-05-20/oatly-otly-stock-price-should-you-invest-in-the-company-after-its-ipo,https://assets.bwbx.io/images/users/iqjWHBFdfxIU/iINqUzr5usf4/v0/1200x800.jpg,2021-05-20T17:28:49Z,"You may have tried oat milk in your coffee. But does it belong in your portfolio?
Oatly Group AB, a vegan food and drink maker from Sweden, just raised more than $1.4 billion in an initial public of… [+4622 chars]",1,0.0,2021-05-20
19,"{'id': 'the-wall-street-journal', 'name': 'The Wall Street Journal'}","Paul J. Davies, Caitlin Ostroff",Bitcoin Price Bounces After Cryptocurrency Crash Shocks Market - The Wall Street Journal,"<ol><li>Bitcoin Price Bounces After Cryptocurrency Crash Shocks Market  The Wall Street Journal
</li><li>Bitcoin back above $40K, Dogecoin jumps on Musk tweet  Yahoo Finance
</li><li>Bitcoin has to 'get over what Elon Musk has to say' to become global curre…",https://www.wsj.com/articles/bitcoin-price-bounces-after-crypto-crash-shocks-market-11621508116,https://images.wsj.net/im-341303/social,2021-05-20T17:13:00Z,"The prices of ether and other cryptocurrencies found some respite Thursday, following a frenzied selloff that delivered a sharp blow to investors swept up in a euphoric rally since late last year.
B… [+1188 chars]",1,-0.6486,2021-05-20
20,"{'id': 'business-insider', 'name': 'Business Insider'}",Isabelle Lee,"Bitcoin rallies 11% back above $42,000 as a multi-day sell-off subsides (BTC)","Summary List PlacementBitcoin rebounded as much as 11% back above $42,000 on Thursday as a multi-day sell-off subsided.
The price of the cryptocurrency plunged to just above $30,000 at one point on Wednesday, a more than 50% drawdown from its all-time high of…",https://markets.businessinsider.com/currencies/news/bitcoin-price-today-rallies-back-above-42000-sell-off-subsides-2021-5-1030452108,https://images2.markets.businessinsider.com/60a67ad8f27b4c00194459b3?format=jpeg,2021-05-20T16:20:27Z,"Photo Illustration by Thiago Prudêncio/SOPA Images/LightRocket via Getty Images
Bitcoin rebounded as much as 11% back above $42,000 on Thursday as a multi-day sell-off subsided.
The price of the cr… [+2520 chars]",1,0.0,2021-05-20
21,"{'id': 'business-insider', 'name': 'Business Insider'}",ilee@insider.com (Isabelle Lee),"Bitcoin rallies 11% back above $42,000 as a multi-day sell-off subsides",Bitcoin is rebounding after a sharp two-day sell-off. Analysts remain bullish about the prospects of the cryptocurrency long-term.,https://www.businessinsider.com/bitcoin-price-today-rallies-back-above-42000-sell-off-subsides-2021-5,https://i.insider.com/60a67ad8f27b4c00194459b3?width=1200&format=jpeg,2021-05-20T16:08:54Z,"Bitcoin rebounded as much as 11% back above $42,000 on Thursday as a multi-day sell-off subsided.
The price of the cryptocurrency plunged to just above $30,000 at one point on Wednesday, a more than… [+2428 chars]",1,0.148,2021-05-20
22,"{'id': 'business-insider', 'name': 'Business Insider'}",Carla Mozée,Stocks climb after jobless claims hit the lowest point since the coronavirus outbreak,"Summary List PlacementMajor US stock indexes gained on Thursday after weekly jobless claims fell to their lowest level since the coronavirus crisis began. The increases marks a reversal of three straight days of declines for the Dow Jones industrial average.
…",https://www.businessinsider.com/stock-market-news-weekly-claims-jobless-drop-coronavirus-low-2021-5,https://i.insider.com/5cf11b0b11e2051f695e99c3?width=1200&format=jpeg,2021-05-20T13:54:04Z,Major US stock indexes gained on Thursday after weekly jobless claims fell to their lowest level since the coronavirus crisis began. The increases marks a reversal of three straight days of declines … [+1690 chars],1,-0.43784999999999996,2021-05-20
23,"{'id': 'business-insider', 'name': 'Business Insider'}",Isabelle Lee,Dogecoin jumps 15% after another cryptic tweet from Elon Musk referencing the ever-volatile cryptocurrency,"Summary List PlacementDogecoin spiked 15% in a matter of minutes on Thursday after Elon Musk published another cryptic tweet referencing the meme cryptocurrency.
""How much is that Doge in the window?"" the Tesla CEO tweeted to his 55 million followers.
Attache…",https://markets.businessinsider.com/currencies/news/dogecoin-price-today-reaction-elon-musk-cryptic-tweet-cryptocurrency-2021-5-1030451256,https://images2.markets.businessinsider.com/609760d234af8d001859c326?format=jpeg,2021-05-20T13:20:16Z,"Elon Musk
REUTERS/Mike Blake
Dogecoin spiked 15% in a matter of minutes on Thursday after Elon Musk published another cryptic tweet referencing the meme cryptocurrency.
""How much is that Doge in t… [+1450 chars]",1,0.0129,2021-05-20
24,"{'id': 'business-insider', 'name': 'Business Insider'}",hrobertson@businessinsider.com (Harry Robertson),"Mike Novogratz compared this bitcoin crash to late 2017, when the market plunged into a 'winter' lasting years","Crypto billionaire Mike Novogratz said a boom in alternative coins was overwhelming bitcoin and the cryptocurrency market, like in 2017.",https://markets.businessinsider.com/news/stocks/mike-novogratz-crypto-crash-bitcoin-winter-late-2017-btc-price-2021-5-1030450098,https://images2.markets.businessinsider.com/60a637a0e25d05001880c9dd?format=jpeg,2021-05-20T10:46:02Z,"Mike Novogratz is one of the most high-profile bitcoin and crypto investors.
John Lamparski/Getty Images
Leading crypto investor Mike Novogratz has compared bitcoin's dramatic price crash to late 2… [+2848 chars]",1,-0.02034999999999998,2021-05-20
25,"{'id': 'business-insider', 'name': 'Business Insider'}",Shalini Nagarajan,"Bitcoin has to get over what Elon Musk says to become a global currency, a digital asset investment chief says","Summary List PlacementElon Musk's bitcoin retreat over its energy consumption moved the market, but the digital asset will have to move on from what he says if it is to become a global currency, according to Brian Kelly, founder and CEO of BKCM Digital Asset …",https://markets.businessinsider.com/currencies/news/bitcoin-price-elon-musk-global-currency-brian-kelly-investment-chief-2021-5-1030450020,https://images2.markets.businessinsider.com/60a629d2e25d05001880c9c0?format=jpeg,2021-05-20T10:25:30Z,"Reuters
Elon Musk's bitcoin retreat over its energy consumption moved the market, but the digital asset will have to move on from what he says if it is to become a global currency, according to Bria… [+2118 chars]",1,0.5881500000000001,2021-05-20
26,"{'id': 'business-insider', 'name': 'Business Insider'}",Vicky Ge Huang,7 crypto heavyweights told us what's behind the sudden sell-off that erased over $400 billion from the market in just 24 hours — and whether now is the time to 'buy the dip',"Summary List PlacementA sudden and sharp crypto sell-off on Wednesday erased more than $400 billion from the nascent market in a matter of just 24 hours, according to data from CoinMarketCap. 
Bitcoin tumbled as low as $29,434.57 before recovering to around $…",https://www.businessinsider.com/cryptocurrency-crash-explained-causes-should-i-sell-buy-the-dip-2021-5,https://i.insider.com/60621247c9d73b00186e8f98?width=1200&format=jpeg,2021-05-20T10:05:00Z,"A sudden and sharp crypto sell-off on Wednesday erased more than $400 billion from the nascent market in a matter of just 24 hours, according to data from CoinMarketCap. 
Bitcoin tumbled as low as $… [+12108 chars]",1,-0.125,2021-05-20
27,"{'id': 'bloomberg', 'name': 'Bloomberg'}","Misyrlena Egkolfopoulou, Charlie Wells","Crypto Market Prices: $ASS Coin, SuperDoge Billionaires Prosper and Fall - Bloomberg",Meet the thrill-seeking traders who are prowling for profits in the wildest corners of the market — all in search of the next big coin.,https://www.bloomberg.com/news/features/2021-05-20/crypto-market-prices-ass-coin-superdoge-billionaires-prosper-and-fall,https://assets.bwbx.io/images/users/iqjWHBFdfxIU/ix0RJSx3nobs/v1/1200x960.jpg,2021-05-20T04:01:00Z,"The Bud Light Mango Mai Tais were beginning to take hold when Eric Hackney 38, unemployed and ticked off by watching other people get rich figured, What the hell? and laid $500 on some crazy-sounding… [+14135 chars]",1,0.2202,2021-05-20
28,"{'id': 'bloomberg', 'name': 'Bloomberg'}","Alyssa McDonald, Cormac Mullen",Five Things You Need to Know to Start Your Day,Bitcoin plunges 31% — then surges 33%. The once-unstoppable commodities rally is crumbling. Some vaccines help nations exit the pandemic faster than others. Here's what you need to know to start your day.,https://www.bloomberg.com/news/newsletters/2021-05-19/five-things-you-need-to-know-to-start-your-day-kow1kkpg,https://assets.bwbx.io/images/users/iqjWHBFdfxIU/iVhsw9TXmXsk/v0/1200x796.jpg,2021-05-19T22:33:33Z,Bitcoin plunges 31%  then surges 33%. The once-unstoppable commodities rally is crumbling. Some vaccines help nations exit the pandemic faster than others. Here's what you need to know to start your … [+4279 chars],1,0.20095,2021-05-19
29,"{'id': 'bloomberg', 'name': 'Bloomberg'}",Matt Levine,You Can SPAC Your SPAC,"Also crypto crash, Discovery shares, M&A staff and Shiba Inu coin.",https://www.bloomberg.com/opinion/articles/2021-05-19/you-can-spac-your-spac,https://assets.bwbx.io/images/users/iqjWHBFdfxIU/iXkG6DP1iLh8/v0/1200x901.jpg,2021-05-19T16:57:39Z,"SPAC SPAC SPAC all right
Every time I write about special purpose acquisition companies someone emails me to be like I am going to launch a SPAC of SPACs, and it is always pretty half-baked. A SPAC … [+24704 chars]",1,-0.064,2021-05-19
30,"{'id': 'bloomberg', 'name': 'Bloomberg'}",Matt Levine,Money Stuff: You Can SPAC Your SPAC,"Every time I write about special purpose acquisition companies someone emails me to be like “I am going to launch a SPAC of SPACs,” and it is always pretty half-baked. A SPAC is a blank-check company that raises money to merge with another company, and that i…",https://www.bloomberg.com/news/newsletters/2021-05-19/money-stuff-you-can-spac-your-spac,https://assets.bwbx.io/images/users/iqjWHBFdfxIU/iXkG6DP1iLh8/v0/1200x901.jpg,2021-05-19T16:49:54Z,"SPAC SPAC SPAC all right
Every time I write about special purpose acquisition companies someone emails me to be like I am going to launch a SPAC of SPACs, and it is always pretty half-baked. A SPAC … [+24451 chars]",1,0.4063,2021-05-19
31,"{'id': 'bloomberg', 'name': 'Bloomberg'}","Claire Ballentine, Vildana Hajric",Crypto's Nouveau Riche Lament Sudden Losses as Bitcoin Tumbles - Bloomberg,"With Bitcoin in freefall, many of the newcomers who helped power the cryptocurrency to stratospheric levels this year are also some of the loudest about getting burned.",https://www.bloomberg.com/news/articles/2021-05-19/crypto-s-nouveau-riche-lament-sudden-losses-as-bitcoin-tumbles,https://assets.bwbx.io/images/users/iqjWHBFdfxIU/idH.mjDd4VBQ/v0/1200x800.jpg,2021-05-19T16:23:21Z,"With Bitcoin in freefall, many of the newcomers who helped power the cryptocurrency to stratospheric levels this year are also some of the loudest about getting burned.
Across Twitter, the hashtag #… [+2788 chars]",1,-0.3454,2021-05-19
32,"{'id': 'the-wall-street-journal', 'name': 'The Wall Street Journal'}","Anna Hirtenstein, Caitlin Ostroff, Alexander Osipovich",BILLIONS WIPED,"Investors have shunned riskier assets this week, marking a sudden shift in mood that is delivering heavy losses to inexperienced traders",https://www.wsj.com/articles/bitcoin-and-dogecoin-prices-tumble-as-investors-sour-on-cryptos-11621435489,https://images.wsj.net/im-340646/social,2021-05-19T16:07:36Z,"Bitcoin, dogecoin and other cryptocurrencies plunged in value on Wednesday as investors soured on the speculative bets that have soared in popularity this year.Bitcoins price tumbled as much as 30% s… [+4152 chars]",1,-0.26335,2021-05-19
33,"{'id': 'bloomberg', 'name': 'Bloomberg'}",Kristine Owram,"Coinbase (COIN) Stock Plunges With Other Crypto Stocks in $BTC, $ETH Rout","Coinbase Global Inc. closed at a record low after a wild trading session that saw the price of Bitcoin swing by about $10,000.",https://www.bloomberg.com/news/articles/2021-05-19/coinbase-plunges-with-other-crypto-stocks-amid-bitcoin-rout,https://assets.bwbx.io/images/users/iqjWHBFdfxIU/id_s3GYxt1XQ/v0/1200x800.jpg,2021-05-19T15:17:50Z,"Coinbase Global Inc. closed at a record low after a wild trading session that saw the price of Bitcoin swing by about $10,000.
The largest U.S. cryptocurrency exchange fell as much as 13% before par… [+1710 chars]",1,-0.1366,2021-05-19
34,"{'id': 'bloomberg', 'name': 'Bloomberg'}",Justina Lee,Crypto Complex Left Reeling as Bitcoin's VIX Blasts Past 110 - Bloomberg,"Bitcoin’s plunge below $40,000 is sending shock waves across the booming world of crypto derivatives.",https://www.bloomberg.com/news/articles/2021-05-19/crypto-complex-left-reeling-as-bitcoin-s-vix-blasts-past-110,https://assets.bwbx.io/images/users/iqjWHBFdfxIU/imwNqFVGAKXY/v0/1200x800.jpg,2021-05-19T14:36:41Z,"Bitcoins plunge below $40,000 is sending shock waves across the booming world of crypto derivatives.
Just as big S&amp;P 500 selloffs rock options and futures markets, the speculative ecosystem unde… [+3692 chars]",1,-0.1909,2021-05-19
35,"{'id': 'business-insider', 'name': 'Business Insider'}",Isabelle Lee,Ethereum co-founder Vitalik Buterin says he won't get a tax write-off after donating 50 trillion Shiba Inu coins to India (ETH),"Summary List PlacementEthereum co-creator Vitalik Buterin said he won't get a tax write-off after donating 50 trillion Shiba Inu coins to a crypto-based COVID-19 relief fund in India, Bloomberg first reported.
Buterin said he is taxed as a Singaporean citizen…",https://markets.businessinsider.com/currencies/news/ethereum-ether-vitalik-buterin-tax-write-off-shiba-inu-donation-2021-5-1030447131,https://images2.markets.businessinsider.com/60a505b0f27b4c001944543b?format=jpeg,2021-05-19T14:30:36Z,"Photo by John Phillips/Getty Images for TechCrunch
Ethereum co-creator Vitalik Buterin said he won't get a tax write-off after donating 50 trillion Shiba Inu coins to a crypto-based COVID-19 relief … [+2269 chars]",1,0.23835,2021-05-19
36,"{'id': 'business-insider', 'name': 'Business Insider'}",Shalini Nagarajan,A crypto 'fear and greed' indicator shows investors haven't been this worried in a year as bitcoin and other major digital assets are crashing,"Summary List PlacementThe cryptocurrency market has been having a rough few days, causing a key investor sentiment metric to fall to lows not seen since April 2020.
The ""crypto fear and greed index,"" published by Alternative.me, fell to 23 on Wednesday from a…",https://markets.businessinsider.com/currencies/news/bitcoin-bubble-crypto-fear-greed-indicator-investors-worried-cryptocurrency-crash-2021-5-1030447083,https://images2.markets.businessinsider.com/60a4fd7af27b4c0019445420?format=jpeg,2021-05-19T14:21:52Z,"Andrew Burton/Getty Images
The cryptocurrency market has been having a rough few days, causing a key investor sentiment metric to fall to lows not seen since April 2020.
The ""crypto fear and greed … [+2497 chars]",1,-0.7717,2021-05-19
37,"{'id': 'business-insider', 'name': 'Business Insider'}",snagarajan@businessinsider.com (Shalini Nagarajan),A crypto 'fear and greed' indicator shows investors haven't been this worried in a year as bitcoin and other major digital assets are crashing,"""An extremely fearful market like this has historically presented solid buying opportunities during bull cycles,"" a research firm said.",https://www.businessinsider.com/bitcoin-bubble-crypto-fear-greed-indicator-investors-worried-cryptocurrency-crash-2021-5,https://i.insider.com/60a50040e25d05001880c662?width=1200&format=jpeg,2021-05-19T14:21:52Z,"The cryptocurrency market has been having a rough few days, causing a key investor sentiment metric to fall to lows not seen since April 2020.
The ""crypto fear and greed index,"" published by Alterna… [+2469 chars]",1,-0.20835000000000004,2021-05-19
38,"{'id': 'business-insider', 'name': 'Business Insider'}",Emily Graffeo,Dow plummets 415 points as tech stocks get hit anew by inflation fears,"Summary List PlacementUS stocks fell sharply on Wednesday as tech names led losses amid mounting concerns around overheating inflation and global coronavirus cases.
It was also a rough morning for cryptocurrency investors. Bitcoin fell as much as 31%, to $30,…",https://markets.businessinsider.com/news/stocks/stock-market-news-today-dow-inflation-bitcoin-selloff-tech-nasdaq-2021-5-1030446828,https://images2.markets.businessinsider.com/60a50826f27b4c0019445448?format=jpeg,2021-05-19T13:50:04Z,"Spencer Platt/Getty Images
US stocks fell sharply on Wednesday as tech names led losses amid mounting concerns around overheating inflation and global coronavirus cases.
It was also a rough morning… [+1888 chars]",1,-0.41169999999999995,2021-05-19
39,"{'id': 'business-insider', 'name': 'Business Insider'}",egraffeo@businessinsider.com (Emily Graffeo),Dow plummets 415 points as tech stocks get hit anew by inflation fears,Tech names lead losses on Wednesday as concerns about overheating inflation and global coronavirus cases worry investors.,https://www.businessinsider.com/stock-market-news-today-dow-inflation-bitcoin-selloff-tech-nasdaq-2021-5,https://i.insider.com/60a50825f27b4c0019445447?width=1200&format=jpeg,2021-05-19T13:50:04Z,"US stocks fell sharply on Wednesday as tech names led losses amid mounting concerns around overheating inflation and global coronavirus cases.
It was also a rough morning for cryptocurrency investor… [+1860 chars]",1,-0.55115,2021-05-19
40,"{'id': 'the-wall-street-journal', 'name': 'The Wall Street Journal'}",James Willhite,"Bitcoin Drops Below $40,000, Target’s Shares Gain: What to Watch When the Stock Market Opens Today - The Wall Street Journal","<ol><li>Bitcoin Drops Below $40,000, Target’s Shares Gain: What to Watch When the Stock Market Opens Today  The Wall Street Journal
</li><li>Dow drops 400 points, Nasdaq falls 1.5% as tech sell-off intensifies amid bitcoin's slide  CNBC
</li><li>The stock m…",https://www.wsj.com/articles/target-take-two-lowes-bitcoin-what-to-watch-when-the-stock-market-opens-today-11621421802,https://images.wsj.net/im-312615/social,2021-05-19T13:30:00Z,"Heres what were watching ahead of Wednesdays opening bell.
<ul><li>U.S. stock futures fell, signaling that the major indexes will extend losses as investors await minutes of the Federal Reserves lat… [+3035 chars]",1,0.6808,2021-05-19
41,"{'id': 'bloomberg', 'name': 'Bloomberg'}",Joe Weisenthal,We're About to Find Out Who in Crypto Is Really 'In It for the Tech',"There’s a recurring joke on Crypto Twitter where everytime there’s a plunge, people say they’re “in it for the tech.” Basically in boom times, everyone’s excited about making insane amounts of money day after day after day. But when the line goes down, sudden…",https://www.bloomberg.com/news/articles/2021-05-19/we-re-about-to-find-out-who-in-crypto-is-really-in-it-for-the-tech,https://assets.bwbx.io/images/users/iqjWHBFdfxIU/ieCEEXb8T1NY/v0/1200x575.jpg,2021-05-19T12:38:56Z,"Theres a recurring joke on Crypto Twitter where everytime theres a plunge, people say theyre in it for the tech. Basically in boom times, everyones excited about making insane amounts of money day af… [+3579 chars]",1,0.11315,2021-05-19
42,"{'id': 'bloomberg', 'name': 'Bloomberg'}","Alexander Weber, Paul Gordon","Bitcoin ($BTC) Dogecoin ($DOGE) Ethereum ($ETH) No Real Asset, ECB VP Says - Bloomberg","Crypto assets shouldn’t be seen as a “real investment” because their underlying value is hard to discern, and market participants should brace for more price swings, European Central Bank Vice President Luis de Guindos warned.",https://www.bloomberg.com/news/articles/2021-05-19/ecb-s-guindos-says-crypto-assets-aren-t-a-real-investment,https://assets.bwbx.io/images/users/iqjWHBFdfxIU/iucoP_0B.5yU/v1/1200x800.jpg,2021-05-19T11:30:00Z,"Follow us @crypto for our full coverage.
Crypto assets shouldnt be seen as a real investment because their underlying value is hard to discern, and market participants should brace for more price sw… [+1193 chars]",1,0.11515,2021-05-19
43,"{'id': 'business-insider', 'name': 'Business Insider'}",Harry Robertson,"Ransomware attacks add to bitcoin's woes, shining a light on the use of cryptocurrencies in crime","Summary List PlacementRecent high-profile cyber attacks in which hackers demanded to be paid in cryptocurrencies have turned an uncomfortable spotlight on digital tokens and their use in crime.
One analyst said the ransomware attack on the Colonial Pipeline w…",https://markets.businessinsider.com/currencies/news/ransomware-cryber-attack-bitcoin-btc-cryptocurrency-regulation-sec-2021-5-1030445784,https://images2.markets.businessinsider.com/60a4ed73e25d05001880c655?format=jpeg,2021-05-19T11:20:10Z,"Critics have long highlighted bitcoin's use in crime.
Cesc Maymo/Getty Images
Recent high-profile cyber attacks in which hackers demanded to be paid in cryptocurrencies have turned an uncomfortable… [+3580 chars]",1,-0.88525,2021-05-19
44,"{'id': 'business-insider', 'name': 'Business Insider'}",hrobertson@businessinsider.com (Harry Robertson),"Ransomware attacks add to bitcoin's woes, shining a light on the use of cryptocurrencies in crime","Hackers have demanded to be paid in cryptocurrencies in recent high-profile cyberattacks, raising the old issue of bitcoin and crime.",https://www.businessinsider.com/ransomware-cryber-attack-bitcoin-btc-cryptocurrency-regulation-sec-2021-5,https://i.insider.com/60a4ed73e25d05001880c656?width=1200&format=jpeg,2021-05-19T11:20:10Z,"Recent high-profile cyber attacks in which hackers demanded to be paid in cryptocurrencies have turned an uncomfortable spotlight on digital tokens and their use in crime.
One analyst said the 
 ra… [+3503 chars]",1,-0.7558,2021-05-19
45,"{'id': 'bloomberg', 'name': 'Bloomberg'}",Dana Hull,Hyperdrive Daily: Elon Musk's Crypto-Evangelism,"Welcome to the Hyperdrive daily briefing, decoding the revolution reshaping the auto world, from EVs to self-driving cars and beyond.",https://www.bloomberg.com/news/newsletters/2021-05-19/hyperdrive-daily-elon-musk-s-crypto-evangelism,https://assets.bwbx.io/images/users/iqjWHBFdfxIU/ieWvFW7CREwM/v0/1200x800.jpg,2021-05-19T10:27:12Z,"Welcome to the Hyperdrive daily briefing, decoding the revolution reshaping the auto world, from EVs to self-driving cars and beyond.
News Briefs
<ul><li>Europes car sales 
soar 256% from the low … [+5036 chars]",1,0.2294,2021-05-19
46,"{'id': 'business-insider', 'name': 'Business Insider'}",Kelly Rissman,How Twitter scammers used Elon Musk's 'SNL' appearance to defraud people of millions of dollars,"Summary List PlacementWhile the real Elon Musk was causing dogecoin headaches as he hosted ""Saturday Night Live,"" scammers capitalized on his appearance to defraud people of millions of dollars in cryptocurrency — the latest round in a growing type of scam.
V…",https://www.businessinsider.com/scammers-used-elon-musk-snl-appearance-take-10-million-2021-5,https://i.insider.com/60a37515f27b4c0019444fd7?width=1200&format=jpeg,2021-05-19T09:30:00Z,"While the real Elon Musk was causing dogecoin headaches as he hosted ""Saturday Night Live,"" scammers capitalized on his appearance to defraud people of millions of dollars in cryptocurrency the lates… [+9812 chars]",1,-0.2294,2021-05-19
47,"{'id': 'business-insider', 'name': 'Business Insider'}",Shalini Nagarajan,"Bitcoin tumbles below $40,000 and other coins slide after China signals a crypto crackdown, wiping $280 billion off the market","Summary List PlacementBitcoin and other digital currencies plunged on Wednesday after the People's Bank of China announced digital tokens can't be used as a form of payment by financial institutions.
An overall drop in the value of digital assets at one point…",https://markets.businessinsider.com/currencies/news/bitcoin-price-cryptocurrencies-china-crypto-crackdown-price-outlook-2021-5-1030445035,https://images2.markets.businessinsider.com/60a4ba35f27b4c00194453c7?format=jpeg,2021-05-19T08:16:06Z,"Jaap Arriens/NurPhoto via Getty Images
Bitcoin and other digital currencies plunged on Wednesday after the People's Bank of China announced digital tokens can't be used as a form of payment by finan… [+2180 chars]",1,0.125,2021-05-19
48,"{'id': 'bloomberg', 'name': 'Bloomberg'}","Alyssa McDonald, Cormac Mullen",Five Things You Need to Know to Start Your Day,Bitcoin slumps after the Chinese central bank’s warning. Covid breaks down Taiwan’s only line of defense. The race to succeed Jamie Dimon puts two women ahead of the pack. Here's what you need to know to start your day.,https://www.bloomberg.com/news/newsletters/2021-05-18/five-things-you-need-to-know-to-start-your-day-koummdnh,https://assets.bwbx.io/images/users/iqjWHBFdfxIU/iPVNtsIMSdvw/v0/1200x800.jpg,2021-05-18T22:47:17Z,Bitcoin slumps after the Chinese central banks warning. Covid breaks down Taiwans only line of defense. The race to succeed Jamie Dimon puts two women ahead of the pack. Here's what you need to know … [+4355 chars],1,0.1591,2021-05-18
49,"{'id': 'bloomberg', 'name': 'Bloomberg'}",,Pinkmoon Finance: Build for the Community,Pinkmoon Finance: Build for the Communitybloomberg.com,https://www.bloomberg.com/press-releases/2021-05-18/pinkmoon-finance-build-for-the-community,https://assets.bwbx.io/s3/javelin/public/javelin/images/social-default-a4f15fa7ee.jpg,2021-05-18T22:06:12Z,"Skip to contentMay 18, 2021, 4:21 PM GMT+2
Pinkmoon Finance: Build for the Community
PR Newswire
ROAD TOWN, British Virginia Island, May 18, 2021
With Pinkmoon Finance, one can become an active p… [+4178 chars]",1,0.0,2021-05-18
50,"{'id': 'bloomberg', 'name': 'Bloomberg'}",Matthew Leising,Ethereum ($ETH) Inventor Says Won’t Get Shiba Inu ($SHIB) Tax Write-Off,"Vitalik Buterin, inventor of the Ethereum blockchain, said he won’t get a tax write-off after donating more than 50 trillion of the joke coin Shiba Inu to the India Covid Crypto Relief Fund.",https://www.bloomberg.com/news/articles/2021-05-18/ethereum-inventor-says-he-won-t-get-shiba-inu-tax-write-off,https://assets.bwbx.io/images/users/iqjWHBFdfxIU/ihwXvBEtM.hc/v0/1200x800.jpg,2021-05-18T21:26:18Z,"Vitalik Buterin, inventor of the Ethereum blockchain, said he wont get a tax write-off after donating more than 50 trillion of the joke coin Shiba Inu to the India Covid Crypto Relief Fund.
Because … [+1899 chars]",1,0.3243,2021-05-18
51,"{'id': 'business-insider', 'name': 'Business Insider'}",ilee@insider.com (Isabelle Lee),"'I have no idea how this works': Barstool Sports founder Dave Portnoy just made an admittedly uninformed $40,000 investment in cryptocurrency Safemoon - and the coin is soaring","""Why? I don't know f**king why, it could be a Ponzi scheme,"" Portnoy said. ""I like the word 'moon,' because that's where I want to go.""",https://www.businessinsider.com/dave-portnoy-safemoon-40000-crypto-investment-altcoin-barstool-sports-2021-5,https://images2.markets.businessinsider.com/60a405e0f27b4c00194451f3?format=jpeg,2021-05-18T19:04:16Z,"(hoto by Tom Briglia/ Getty Images
Barstool Sports founder Dave Portnoy has pledged his ""allegiance"" to Safemoon, a new altcoin that launched in March this year - although he's fully upfront about n… [+3103 chars]",1,0.06275,2021-05-18
52,"{'id': 'bloomberg', 'name': 'Bloomberg'}",Matt Levine,Money Stuff: Index Firm Forgot to Update XIV,"Credit Suisse Group AG used to have a product called XIV, the VelocityShares Daily Inverse VIX Short-Term ETN, an exchange-traded note that you could buy to bet against volatility. Loosely speaking, XIV gave you the daily inverse of VIX, the CBOE Volatility I…",https://www.bloomberg.com/news/newsletters/2021-05-18/money-stuff-index-firm-forgot-to-update-xiv,https://assets.bwbx.io/images/users/iqjWHBFdfxIU/ixeln5uNZ0NA/v0/1200x800.jpg,2021-05-18T16:29:11Z,"XIV
Credit Suisse Group AG used to have a product called XIV, the VelocityShares Daily Inverse VIX Short-Term ETN, an exchange-traded note that you could buy to bet against volatility. Loosely speak… [+33911 chars]",1,0.1909,2021-05-18
53,"{'id': 'bloomberg', 'name': 'Bloomberg'}",Matt Levine,S&P Forgot to Update the XIV Index - Bloomberg,"Also SPACs, Credit Suisse departures, Hometown International and Elon Musk impersonators.",https://www.bloomberg.com/opinion/articles/2021-05-18/s-p-firm-forgot-to-update-the-xiv-index,https://assets.bwbx.io/images/users/iqjWHBFdfxIU/ixeln5uNZ0NA/v0/1200x800.jpg,2021-05-18T16:29:09Z,"XIV
Credit Suisse Group AG used to have a product called XIV, the VelocityShares Daily Inverse VIX Short-Term ETN, an exchange-traded note that you could buy to bet against volatility. Loosely speak… [+34168 chars]",1,0.1909,2021-05-18
54,"{'id': 'bloomberg', 'name': 'Bloomberg'}",Vildana Hajric,Bitcoin Price (XBT) Dips to Lowest Since February,Bitcoin and other major cryptocurrencies slumped after the People’s Bank of China reiterated that the digital tokens cannot be used as a form of payment.,https://www.bloomberg.com/news/articles/2021-05-18/bitcoin-dips-to-lowest-since-february-amid-china-crypto-warning,https://assets.bwbx.io/images/users/iqjWHBFdfxIU/ifgK.TYVrhVs/v0/1200x675.png,2021-05-18T15:59:45Z,"Bitcoin and other major cryptocurrencies slumped after the Peoples Bank of China reiterated that the digital tokens cannot be used as a form of payment.
The largest cryptocurrency fell as much as 5.… [+3536 chars]",1,-0.1909,2021-05-18
55,"{'id': 'business-insider', 'name': 'Business Insider'}",Holly Johnson,"Financial advisors say it's not too late to invest in Bitcoin, but there are a few things you must do with your money first","Summary List PlacementBitcoin is far from the only cryptocurrency out there, but it is the one that appears to be gaining the most traction. Bitcoin ATMs are growing in popularity, and Bitcoin rewards credit cards are even catching on. Major brokerage firms, …",https://www.businessinsider.com/personal-finance/what-to-do-with-money-before-invest-bitcoin-2021-5,https://i.insider.com/60a3c0dcf27b4c001944504b?width=1200&format=jpeg,2021-05-18T13:49:35Z,"Bitcoin is far from the only cryptocurrency out there, but it is the one that appears to be gaining the most traction. Bitcoin ATMs are growing in popularity, and Bitcoin rewards credit cards are eve… [+6722 chars]",1,0.47745,2021-05-18
56,"{'id': 'business-insider', 'name': 'Business Insider'}",Sophie Kiderlin,"NFT prices are worth less than half what they were in April, as the market has cooled. Even Mark Cuban has had a digital token up for sale for a month.","Summary List PlacementAs the previously red-hot NFT market has cooled off, sales in US dollars are now less than half of what they were in April, data from nonfungible.com shows. Even Mark Cuban, a big crypto proponent and popular personality in the community…",https://markets.businessinsider.com/currencies/news/nft-market-prices-declining-mark-cuban-art-crypto-2021-5-1030441511,https://images2.markets.businessinsider.com/607ee61144f4540019207ade?format=jpeg,2021-05-18T12:57:34Z,"NICOLAS ASFOURI / Contributor/ Getty Images
As the previously red-hot NFT market has cooled off, sales in US dollars are now less than half of what they were in April, data from nonfungible.com show… [+2454 chars]",1,0.32389999999999997,2021-05-18
57,"{'id': 'business-insider', 'name': 'Business Insider'}",snagarajan@businessinsider.com (Shalini Nagarajan),Elon Musk is no longer the world's 2nd-richest person after Tesla shares lost a quarter in value since January,"He has been unseated by luxury goods tycoon, LVMH chairman Bernard Arnault. Both billionaires are set apart by a few millions.",https://www.businessinsider.com/elon-musk-tesla-shares-loses-position-world-second-richest-person-2021-5,https://i.insider.com/608978d63f0560001881c842?width=1200&format=jpeg,2021-05-18T10:23:42Z,"Elon Musk lost his position as the world's second-richest person on Monday after Tesla's shares fell another 2.2%, according to the Bloomberg Billionaires Index. 
He has been unseated by luxury good… [+2059 chars]",1,0.0129,2021-05-18
58,"{'id': 'business-insider', 'name': 'Business Insider'}",snagarajan@businessinsider.com (Shalini Nagarajan),Elon Musk is no longer the world's 2nd-richest person after Tesla shares lost a quarter in value since January,"He has been unseated by luxury goods tycoon, LVMH chairman Bernard Arnault. Both billionaires are set apart by a few millions.",https://www.businessinsider.com/elon-musk-tesla-shares-loses-position-world-second-richest-person-2021-5,https://i.insider.com/608978d63f0560001881c842?width=1200&format=jpeg,2021-05-18T10:23:42Z,"Elon Musk lost his position as the world's second-richest person on Monday after Tesla's shares fell another 2.2%, according to the Bloomberg Billionaires Index. 
He has been unseated by luxury good… [+2059 chars]",1,0.0129,2021-05-18
59,"{'id': 'business-insider', 'name': 'Business Insider'}",Shalini Nagarajan,Elon Musk is no longer the world's 2nd-richest person after Tesla shares lost a quarter in value since January,"Summary List PlacementElon Musk lost his position as the world's second-richest person on Monday after Tesla's shares fell another 2.2%, according to the Bloomberg Billionaires Index. 
He has been unseated by luxury goods tycoon, LVMH chairman Bernard Arnault…",https://markets.businessinsider.com/news/stocks/elon-musk-tesla-shares-loses-position-world-second-richest-person-2021-5-1030440278,https://images2.markets.businessinsider.com/60a3866f1b5cea0019c456df?format=jpeg,2021-05-18T10:23:42Z,"Tesla CEO Elon Musk.
Chris Saucedo/Getty Images for SXSW
Elon Musk lost his position as the world's second-richest person on Monday after Tesla's shares fell another 2.2%, according to the Bloomber… [+2112 chars]",1,0.0,2021-05-18
60,"{'id': 'business-insider', 'name': 'Business Insider'}",jerb@insider.com (Jordan Parker Erb),10 things in tech you need to know today,"AT&T is merging Discovery and WarnerMedia, and Amazon is planning an at-home medical-testing brand: 10 things in tech you need to know.",https://www.businessinsider.com/10-things-in-tech-att-warnermedia-discovery-merger-2021-5,https://i.insider.com/60a2d2d01b5cea0019c4565c?width=1200&format=jpeg,2021-05-18T08:38:55Z,"Good morning and welcome to 10 Things in Tech. If this was forwarded to you, sign up here.
Let's get started.
1. AT&amp;T is combining WarnerMedia with Discovery to create a new streaming giant. Th… [+2813 chars]",1,0.08895,2021-05-18
61,"{'id': 'bloomberg', 'name': 'Bloomberg'}",Benjamin Stupples,Elon Musk Loses World’s Second-Richest Ranking as Tesla Dips,Elon Musk’s Twitter posts keep sending Bitcoin prices tumbling. His own fortune is heading in the same direction.,https://www.bloomberg.com/news/articles/2021-05-17/elon-musk-loses-world-s-second-richest-ranking-as-tesla-dips,https://assets.bwbx.io/images/users/iqjWHBFdfxIU/iJXvkOV4Lb0s/v0/1200x829.jpg,2021-05-17T21:50:34Z,"Elon Musks Twitter posts keep sending Bitcoin prices tumbling. His own fortune is heading in the same direction.
On Monday, Tesla Inc.s chief executive officer lost his spot as the worlds second-ric… [+1784 chars]",1,-0.1591,2021-05-17
62,"{'id': 'business-insider', 'name': 'Business Insider'}",Carla Mozée,Coinbase stumbles to its lowest price since going public as the crypto market sells off (COIN),"Summary List PlacementCoinbase shares on Monday fell to their lowest price since the cryptocurrency exchange began trading last month, under pressure as bitcoin and other cryptocurrencies heavily sold off. 
Risk aversion appeared to hit the crypto market broa…",https://www.businessinsider.com/coinbase-stock-price-lowest-since-trading-debut-ipo-cryptos-selloff-2021-5,https://i.insider.com/607870b374da0300181e1e7d?width=1200&format=jpeg,2021-05-17T20:22:10Z,"Coinbase shares on Monday fell to their lowest price since the cryptocurrency exchange began trading last month, under pressure as bitcoin and other cryptocurrencies heavily sold off. 
Risk aversion… [+1607 chars]",1,-0.5734,2021-05-17
63,"{'id': 'business-insider', 'name': 'Business Insider'}",Carla Mozée,Coinbase stumbles to its lowest price since going public as the crypto market sells off (COIN),"Summary List PlacementCoinbase shares on Monday fell to their lowest price since the cryptocurrency exchange began trading last month, under pressure as bitcoin and other cryptocurrencies heavily sold off. 
Risk aversion appeared to hit the crypto market broa…",https://markets.businessinsider.com/currencies/news/coinbase-stock-price-lowest-since-trading-debut-ipo-cryptos-selloff-2021-5-1030438363,https://images2.markets.businessinsider.com/607870b374da0300181e1e7d?format=jpeg,2021-05-17T20:22:10Z,"Shannon Stapleton/Reuters
Coinbase shares on Monday fell to their lowest price since the cryptocurrency exchange began trading last month, under pressure as bitcoin and other cryptocurrencies heavil… [+1638 chars]",1,-0.5734,2021-05-17
64,"{'id': 'business-insider', 'name': 'Business Insider'}",Isabelle Lee,"Elon Musk impersonators have stolen more than $2 million through crypto scams, FTC says","Summary List PlacementCrypto scammers impersonating Elon Musk have stolen more than $2 million in the past six months alone, according to the Federal Trade Commission. The activity comes amid exploding interest in crypto investing.
The FTC said the fraudulent…",https://markets.businessinsider.com/currencies/news/elon-musk-impersonators-have-stolen-2-million-crypto-scams-ftc-2021-5-1030438150,https://images2.markets.businessinsider.com/60a2c079f27b4c0019444eb2?format=jpeg,2021-05-17T19:55:42Z,"Hannibal Hanschke-Pool/Getty Images
Crypto scammers impersonating Elon Musk have stolen more than $2 million in the past six months alone, according to the Federal Trade Commission. The activity com… [+3082 chars]",1,-0.5433,2021-05-17
65,"{'id': 'business-insider', 'name': 'Business Insider'}",mfox@businessinsider.com (Matthew Fox),Ethan Allen stock is soaring as traders confuse its ticker with the identical one for ether,"""We've definitely seen a massive increase on a percentage basis in mistaken activity on the Ethan Allen stream,"" StockTwits CEO Rishi Khanna said.",https://markets.businessinsider.com/currencies/news/ethan-allen-stock-price-traders-confuse-ticker-with-ether-eth-2021-5-1030438063,https://images2.markets.businessinsider.com/6081cc5a4becb800190f69f1?format=jpeg,2021-05-17T18:49:12Z,"Reuters
<ul><li>One beneficiary of the 2021 crypto boom is furniture chain Ethan Allen, which shares an identical ticker symbol with ether.</li><li>The furniture retailer has seen its stock climb 51… [+2152 chars]",1,0.06745000000000001,2021-05-17
66,"{'id': 'business-insider', 'name': 'Business Insider'}",mfox@businessinsider.com (Matthew Fox),Ethan Allen stock is soaring as traders confuse its ticker with the identical one for ether,"""We've definitely seen a massive increase on a percentage basis in mistaken activity on the Ethan Allen stream,"" StockTwits CEO Rishi Khanna said.",https://www.businessinsider.com/ethan-allen-stock-price-traders-confuse-ticker-with-ether-eth-2021-5,https://i.insider.com/6081cc5a4becb800190f69f1?width=1200&format=jpeg,2021-05-17T18:49:12Z,"Shares of Ethan Allen have surged more than 50% year-to-date and are up nearly 200% over the past year, likely due in part to trader confusion over the ticker symbol it shares with cryptocurrency eth… [+1711 chars]",1,0.06745000000000001,2021-05-17
67,"{'id': 'bloomberg', 'name': 'Bloomberg'}",Yakob Peterseil,Elon Musk Is Now Blowing Up the Wall Street Case for Bitcoin,"Elon Musk helped legitimize cryptocurrencies in the eyes of Wall Street investors. Now, his tweets are scaring them off.",https://www.bloomberg.com/news/articles/2021-05-17/elon-musk-is-now-blowing-up-the-wall-street-case-for-bitcoin,https://assets.bwbx.io/images/users/iqjWHBFdfxIU/iBJXCjJIm_oQ/v1/1200x800.jpg,2021-05-17T17:56:56Z,"Elon Musk helped legitimize cryptocurrencies in the eyes of Wall Street investors. Now, his tweets are scaring them off.
About a quarter of Bitcoins value has been wiped away in the span of a week, … [+3919 chars]",1,-0.2202,2021-05-17
68,"{'id': 'business-insider', 'name': 'Business Insider'}",Carla Mozée,The crypto market has lost 23% of its value in just the last 5 days,"Summary List PlacementThe value of the cryptocurrency market has slid by 23% in just the last five days. It's been pulled lower by a sell-off in bitcoin most recently catalyzed by comments made by Tesla CEO Elon Musk.
The market cap for global digital currenc…",https://markets.businessinsider.com/currencies/news/cryptocurrency-market-value-23-percent-erased-5-days-bitcoin-selloff-2021-5-1030437849,https://images2.markets.businessinsider.com/60943491f22c6b00185dcb5c?format=jpeg,2021-05-17T17:15:42Z,"Getty Images AsiaPac
The value of the cryptocurrency market has slid by 23% in just the last five days. It's been pulled lower by a sell-off in bitcoin most recently catalyzed by comments made by Te… [+2589 chars]",1,0.0387,2021-05-17
69,"{'id': 'bloomberg', 'name': 'Bloomberg'}",Matt Levine,Money Stuff: Elon Musk's Bitcoin Fun Continues,"I am sorry to  keep  talking about  it because it is so stupid, but there really is something unprecedented and amazing and almost magical about Elon Musk’s continuing ability and inclination to move the prices of Bitcoin and Dogecoin with his slightest whim.…",https://www.bloomberg.com/news/newsletters/2021-05-17/money-stuff-elon-musk-s-bitcoin-fun-continues,https://assets.bwbx.io/images/users/iqjWHBFdfxIU/i8g2t2aD0UX0/v0/1200x729.jpg,2021-05-17T15:59:20Z,"Oh Elon
I am sorry to 
keep
talking about 
it because it is so stupid, but there really is something unprecedented and amazing and almost magical about Elon Musks continuing ability and inclinati… [+21288 chars]",1,0.6274500000000001,2021-05-17
70,"{'id': 'bloomberg', 'name': 'Bloomberg'}",Matt Levine,Elon Musk Controls Bitcoin and Dogecoin Prices With Pure Magic - Bloomberg,Elon Musk Controls Bitcoin and Dogecoin Prices With Pure Magic  Bloomberg,https://www.bloomberg.com/opinion/articles/2021-05-17/elon-musk-controls-bitcoin-and-dogecoin-prices-with-pure-magic,https://assets.bwbx.io/images/users/iqjWHBFdfxIU/i8g2t2aD0UX0/v0/1200x729.jpg,2021-05-17T15:59:17Z,"Oh Elon
I am sorry to 
keep
talking about 
it because it is so stupid, but there really is something unprecedented and amazing and almost magical about Elon Musks continuing ability and inclinati… [+21532 chars]",1,0.0,2021-05-17
71,"{'id': 'bloomberg', 'name': 'Bloomberg'}",Lionel Laurent,Elon Musk Keeps Trolling the Bitcoin (BTC) Purists,"The cryptocurrency's price hangs on Musk's every tweet, trashing the narrative that Bitcoin's price surge is based on solid fundamentals.",https://www.bloomberg.com/opinion/articles/2021-05-17/elon-musk-keeps-trolling-the-bitcoin-btc-purists,https://assets.bwbx.io/images/users/iqjWHBFdfxIU/itUvX0eQOZD0/v1/1200x630.jpg,2021-05-17T14:37:06Z,"The future of money apparently looks something like this: Tesla Inc. techno-king Elon Musk posts a one-word tweet Indeed that 
suggests his company may have sold its stash of Bitcoin. The cryptocurr… [+4469 chars]",1,0.07655,2021-05-17
72,"{'id': 'business-insider', 'name': 'Business Insider'}",Shalini Nagarajan,"Bitcoin is the 'apex predator' of digital currencies — and dogecoin may be the crypto equivalent of silver, hedge fund manager Anthony Scaramucci says","Summary List PlacementAnthony Scaramucci, founder of investment firm SkyBridge Capital, defended bitcoin's decline and said he advises investors to hold some amount of it as it's the only cryptocurrency that's achieved ""escape velocity.""
Although other digita…",https://markets.businessinsider.com/currencies/news/bitcoin-apex-predator-dogecoin-silver-cryptocurrencies-anthony-scaramucci-2021-5-1030436978,https://images2.markets.businessinsider.com/60a2517d1b5cea0019c45469?format=jpeg,2021-05-17T13:42:35Z,"Anthony Scaramucci.
AP
Anthony Scaramucci, founder of investment firm SkyBridge Capital, defended bitcoin's decline and said he advises investors to hold some amount of it as it's the only cryptocu… [+2148 chars]",1,0.08895,2021-05-17
73,"{'id': 'business-insider', 'name': 'Business Insider'}",Sophie Kiderlin,Ethereum co-founder Vitalik Buterin destroys 90% of his Shiba Inu holdings - almost half the coin's circulation,"Summary List PlacementEthereum co-founder Vitalik Buterin burned 90% of his Shiba Inu holdings and will donate the remaining 10% according to a note he left on an ether transaction made on Sunday evening. 
Over 40% of the coin's total circulation have thereby…",https://markets.businessinsider.com/currencies/news/vitalik-buterin-shiba-inu-coin-burn-dogecoin-ethereum-2021-5-1030436920,https://images2.markets.businessinsider.com/60547c4f1fcb5700186ee55d?format=jpeg,2021-05-17T13:35:40Z,"Getty Images/John Phillips
Ethereum co-founder Vitalik Buterin burned 90% of his Shiba Inu holdings and will donate the remaining 10% according to a note he left on an ether transaction made on Sund… [+2275 chars]",1,-0.2787,2021-05-17
74,"{'id': 'business-insider', 'name': 'Business Insider'}",Sophie Kiderlin,Ethereum co-founder Vitalik Buterin destroys 90% of his Shiba Inu holdings - almost half the coin's circulation,"Summary List PlacementEthereum co-founder Vitalik Buterin burned 90% of his Shiba Inu holdings and will donate the remaining 10% according to a note he left on an ether transaction made on Sunday evening. 
Over 40% of the coin's total circulation have thereby…",https://www.businessinsider.com/vitalik-buterin-shiba-inu-coin-burn-dogecoin-ethereum-2021-5,https://i.insider.com/60547c4f1fcb5700186ee55d?width=1200&format=jpeg,2021-05-17T13:35:40Z,"Ethereum co-founder Vitalik Buterin burned 90% of his Shiba Inu holdings and will donate the remaining 10% according to a note he left on an ether transaction made on Sunday evening. 
Over 40% of th… [+2247 chars]",1,-0.2787,2021-05-17
75,"{'id': 'the-wall-street-journal', 'name': 'The Wall Street Journal'}",Caitlin Ostroff,Speculation Over Elon Musk Tweet Prompts Bitcoin Selloff - The Wall Street Journal,"<ol><li>Speculation Over Elon Musk Tweet Prompts Bitcoin Selloff  The Wall Street Journal
</li><li>Grayscale CEO on Elon Musk's tweet rattling crypto markets  CNBC Television
</li><li>Dogecoin Co-Creator Amid Elon Musk Criticism Says There Should Be No 'War…",https://www.wsj.com/articles/speculation-over-elon-musk-tweet-prompts-bitcoin-selloff-11621256366,https://images.wsj.net/im-339350/social,2021-05-17T12:59:00Z,"Bitcoins dollar value fell more than 7% after a tweet from
Tesla Inc.
 TSLA -3.27%
Chief Executive
Elon Musk
prompted speculation that the electric-car maker had sold, or would sell, its holding… [+1646 chars]",1,-0.31245,2021-05-17
76,"{'id': 'business-insider', 'name': 'Business Insider'}",Grace Dean,"After filming SNL, Elon Musk and Grimes reportedly went to a crypto-themed afterparty where servers dressed as aliens handed out Dogecoin cupcakes","Summary List PlacementAfter they filmed ""Saturday Night Live"" on May 8, tech billionaire Elon Musk and his girlfriend, the musician Grimes, went to an afterparty where women dressed as aliens served Dogecoin cupcakes, according to a report by The New York Pos…",https://www.businessinsider.com/elon-musk-dogecoin-grimes-saturday-night-live-afterparty-crypto-2021-5,https://i.insider.com/60974a3ff22c6b00185dd259?width=1200&format=jpeg,2021-05-17T11:55:43Z,"After they filmed ""Saturday Night Live"" on May 8, tech billionaire Elon Musk, his girlfriend, the musician Grimes, and musician Miley Cyrus went to an afterparty where women dressed as aliens served … [+1723 chars]",1,-0.25,2021-05-17
77,"{'id': 'business-insider', 'name': 'Business Insider'}",Harry Robertson,Elon Musk continues to talk up dogecoin – to the dismay of bitcoin bulls,"Summary List PlacementElon Musk tweeted about improving the dogecoin network on Sunday and said ""obnoxious"" bitcoin bulls made him want to go all-in on the joke cryptocurrency, before hinting Tesla may sell its bitcoin holdings.
Musk replied to a number of tw…",https://markets.businessinsider.com/currencies/news/elon-musk-dogecoin-bitcoin-tesla-energy-use-payment-2021-5-1030436023,https://images2.markets.businessinsider.com/60a25517f27b4c0019444caa?format=jpeg,2021-05-17T11:44:00Z,"Elon Musk
REUTERS/Mike Blake
Elon Musk tweeted about improving the dogecoin network on Sunday and said ""obnoxious"" bitcoin bulls made him want to go all-in on the joke cryptocurrency, before hintin… [+2178 chars]",1,0.12965,2021-05-17
78,"{'id': 'business-insider', 'name': 'Business Insider'}",Theron Mohamed,Billionaire investor Chris Sacca says he owns bitcoin and ether — and suggests crypto's environmental costs will fuel clean-energy solutions,"Summary List Placement<ul>
<li>Chris Sacca owns bitcoin, ethereum, and several other cryptocurrencies.</li>
<li>Lowercase Capital's billionaire founder flagged crypto's energy usage as a problem.</li>
<li>Sacca suggested the issue could drive innovation in re…",https://markets.businessinsider.com/currencies/news/chris-sacca-bitcoin-ether-crypto-energy-usage-clean-energy-innovation-2021-5-1030436011,https://images2.markets.businessinsider.com/60a24d121b5cea0019c45465?format=jpeg,2021-05-17T11:37:20Z,"Chris Sacca.
YouTube/Kevin Rose
<ul><li>Chris Sacca owns bitcoin, ethereum, and several other cryptocurrencies.</li><li>Lowercase Capital's billionaire founder flagged crypto's energy usage as a pr… [+1679 chars]",1,0.3749,2021-05-17
79,"{'id': 'business-insider', 'name': 'Business Insider'}",tmohamed@businessinsider.com (Theron Mohamed),Billionaire investor Chris Sacca says he owns bitcoin and ether - and suggests crypto's environmental costs will fuel clean-energy solutions,"""The climate impact bums me out,"" the Lowercase Capital founder said. ""But that is the market impetus for a lot of clean energy innovation.""",https://www.businessinsider.com/chris-sacca-bitcoin-ether-crypto-energy-usage-clean-energy-innovation-2021-5,https://i.insider.com/60a24d6e1b5cea0019c45467?width=1200&format=jpeg,2021-05-17T11:37:20Z,"Billionaire investor Chris Sacca owns a bunch of cryptocurrencies including bitcoin and ether, and sees their environmental costs as a problem that could spark creative solutions.
""I own a broad bas… [+1331 chars]",1,0.4014,2021-05-17
80,"{'id': 'bloomberg', 'name': 'Bloomberg'}",Austin Carr,This Is the Year of the Broken Supply Chain,"Hey y’all, it’s Austin. As hackers held Colonial Pipeline Co. ransom over the last couple of weeks, in the process threating oil output on the Eastern Seaboard, gas prices jumped and panicked Americans rushed to the pumps. It was a painful reminder of our col…",https://www.bloomberg.com/news/newsletters/2021-05-17/gas-shortage-from-colonial-pipeline-shows-a-fragile-supply-chain,https://assets.bwbx.io/s3/javelin/public/javelin/images/social-default-a4f15fa7ee.jpg,2021-05-17T10:45:16Z,"Hey yall, its Austin. As hackers held Colonial Pipeline Co. ransom over the last couple of weeks, in the process threating oil output on the Eastern Seaboard, gas prices jumped and panicked Americans… [+4011 chars]",1,-0.65635,2021-05-17
81,"{'id': 'business-insider', 'name': 'Business Insider'}",hrobertson@businessinsider.com (Harry Robertson),10 things you need to know before the opening bell,This is what traders are talking about.,https://www.businessinsider.com/opening-bell-may-17-2021-5,https://images2.markets.businessinsider.com/602e6e9642b84000192f4275?format=jpeg,2021-05-17T10:34:30Z,"Big Tech recovers after a rough day Wednesday on Wall Street.
Matteo Colombo/Getty Images
Welcome to 10 Things Before the Opening Bell. Sign up here to get this email in your inbox every morning.
… [+1920 chars]",1,0.0,2021-05-17
82,"{'id': 'bloomberg', 'name': 'Bloomberg'}",Lorcan Roche Kelly,Five Things You Need to Know to Start Your Day - Bloomberg,"Musk clarifies Bitcoin position, more Covid flareups, and the everything shortage.",https://www.bloomberg.com/news/newsletters/2021-05-17/five-things-you-need-to-know-to-start-your-day,https://assets.bwbx.io/images/users/iqjWHBFdfxIU/ij5O5Y6J3aCY/v0/1200x675.png,2021-05-17T10:33:44Z,"Musk clarifies Bitcoin position, more Covid flareups, and the everything shortage.
Hodl  
It was a 
difficult week for holders of Bitcoin, with Tesla Inc. CEO Elon Musk taking a chunk out of the c… [+5374 chars]",1,-0.0129,2021-05-17
83,"{'id': 'business-insider', 'name': 'Business Insider'}",Sophie Kiderlin,Elon Musk says bitcoin isn't decentralized as he goes to war with crypto bulls,"Summary List PlacementElon Musk said on Sunday he does not think bitcoin is decentralized, as a large proportion of mining is concentrated in very few hands. Since the Tesla CEO said last week his electric vehicle company would no longer accept bitcoin paymen…",https://markets.businessinsider.com/currencies/news/elon-musk-bitcoin-environment-tesla-crypto-bulls-trolling-2021-5-1030435658,https://images2.markets.businessinsider.com/602f76177b571500189f6359?format=jpeg,2021-05-17T10:24:25Z,"Elon Musk.
Britta Pedersen-Pool/Getty Images
Elon Musk said on Sunday he does not think bitcoin is decentralized, as a large proportion of mining is concentrated in very few hands. Since the Tesla … [+2688 chars]",1,-0.24835000000000002,2021-05-17
84,"{'id': 'business-insider', 'name': 'Business Insider'}",Shalini Nagarajan,"Billionaire Mark Cuban says he holds 3,250 dogecoin that he bought with his son — and earns added inflows from Dallas Mavericks sales","Summary List PlacementMark Cuban owns 3,250 dogecoin that he bought with his 11-year-old son, the tech billionaire said in a tweet on Saturday. 
On top of that, he said he receives an added inflow of dogecoin from Dallas Mavericks sales of tickets and merchan…",https://markets.businessinsider.com/currencies/news/mark-cuban-dogecoin-holdings-3250-dallas-mavericks-valid-payment-mechanism-2021-5-1030435555,https://images2.markets.businessinsider.com/60a22e311b5cea0019c45441?format=jpeg,2021-05-17T10:04:13Z,"Mark Cuban.
Chip Somodevilla/Getty Images
Mark Cuban owns 3,250 dogecoin that he bought with his 11-year-old son, the tech billionaire said in a tweet on Saturday. 
On top of that, he said he rece… [+1719 chars]",1,0.10115,2021-05-17
85,"{'id': 'business-insider', 'name': 'Business Insider'}",Shalini Nagarajan,"Billionaire Mark Cuban says he holds 3,250 dogecoin that he bought with his son — and earns added inflows from Dallas Mavericks sales","Summary List PlacementMark Cuban owns 3,250 dogecoin that he bought with his 11-year-old son, the tech billionaire said in a tweet on Saturday. 
On top of that, he said he receives an added inflow of dogecoin from Dallas Mavericks sales of tickets and merchan…",https://www.businessinsider.com/mark-cuban-dogecoin-holdings-3250-dallas-mavericks-valid-payment-mechanism-2021-5,https://i.insider.com/60a22e5a1b5cea0019c45442?width=1200&format=jpeg,2021-05-17T10:04:13Z,"Mark Cuban owns 3,250 dogecoin that he bought with his 11-year-old son, the tech billionaire said in a tweet on Saturday. 
On top of that, he said he receives an added inflow of dogecoin from Dallas… [+1675 chars]",1,0.10115,2021-05-17
86,"{'id': 'the-wall-street-journal', 'name': 'The Wall Street Journal'}","Peter Santilli, Caitlin Ostroff, Paul Vigna",The Factors Driving Crypto Markets’ Boom and the Challenges Ahead - The Wall Street Journal,"<ol><li>The Factors Driving Crypto Markets’ Boom and the Challenges Ahead  The Wall Street Journal
</li><li>Dogecoin Co-Creator Amid Elon Musk Criticism Says There Should Be No 'War' Between Bitcoin And Meme Crypto  Benzinga
</li><li>Elon Musk's tweets have…",https://www.wsj.com/articles/the-factors-driving-crypto-markets-boom-and-the-challenges-ahead-11621243809,https://images.wsj.net/im-338841/social,2021-05-17T09:30:00Z,"Cryptocurrencies such as bitcoin, ether and dogecoin have surged to highs that few investors would have predicted a year ago. The furious run has even the most optimistic traders asking: Can it last?… [+1426 chars]",1,-0.25434999999999997,2021-05-17
87,"{'id': 'business-insider', 'name': 'Business Insider'}",hrobertson@businessinsider.com (Harry Robertson),"Bitcoin crashes to $42,000 after Elon Musk tweet-storm - but rebounds after he clarifies Tesla hasn't sold its holdings","Bitcoin plunged to a low of $42,185 early on Monday, 35% below its record high, before rebounding after an Elon Musk tweet-storm.",https://markets.businessinsider.com/currencies/news/bitcoin-price-btc-elon-musk-tesla-holdings-cryptocurrencies-2021-5-1030435413,https://images2.markets.businessinsider.com/605851c0cad7d300183f83eb?format=jpeg,2021-05-17T09:07:28Z,"Elon Musk suggested Tesla may sell its bitcoin stake, but clarified that it hasn't yet.
PETER PARKS/AFP via Getty Images
Bitcoin plunged to its lowest level since February on Monday after Elon Musk… [+2159 chars]",1,0.027950000000000003,2021-05-17
88,"{'id': 'bloomberg', 'name': 'Bloomberg'}",Brandon Kochkodin,Bitcoin Interest: Is Crypto Savings Account Worth the Risk? - Bloomberg,"Crypto savings accounts that pay yield to borrow your tokens may sound tempting, but there are no guarantees.",https://www.bloomberg.com/news/articles/2021-05-17/bitcoin-interest-is-crypto-savings-account-worth-the-risk,https://assets.bwbx.io/images/users/iqjWHBFdfxIU/iz49PVM06V44/v0/1200x630.jpg,2021-05-17T09:00:17Z,"Its not just the 
outlandish returns that some Bitcoiners are bragging about these days. Theres also the yield.
At a time when interest rates on conventional bank deposits are pinned to the floorof… [+9361 chars]",1,-0.01865,2021-05-17
89,"{'id': 'business-insider', 'name': 'Business Insider'}",Jordan Parker Erb,10 things in tech you need to know today,"Summary List PlacementGood morning and welcome to 10 Things in Tech. If this was forwarded to you, sign up here.
Let's get started.
1. Microsoft board members reportedly launched an investigation in 2019 into a relationship between Bill Gates and a staffer. A…",https://www.businessinsider.com/10-things-in-tech-bill-gates-affair-biden-venmo-17-2021-5,https://i.insider.com/60a22278f27b4c0019444c4e?width=1200&format=jpeg,2021-05-17T08:31:38Z,"Good morning and welcome to 10 Things in Tech. If this was forwarded to you, sign up here.
Let's get started.
1. Microsoft board members reportedly launched an investigation in 2019 into a relation… [+2733 chars]",1,0.27115,2021-05-17
90,"{'id': 'bloomberg', 'name': 'Bloomberg'}",Joanna Ossinger,Bitcoin Steadies as Musk Says Tesla Hasn’t Sold From Holdings,"Bitcoin steadied after Elon Musk said Tesla Inc. hasn’t sold from its holdings of the token, clarifying earlier comments that seemed to imply the electric vehicle maker may sell or has sold its stake.",https://www.bloomberg.com/news/articles/2021-05-17/bitcoin-nurses-losses-as-musk-s-spats-on-twitter-whipsaw-token,https://assets.bwbx.io/images/users/iqjWHBFdfxIU/i7JVO8aS79zE/v0/1200x800.jpg,2021-05-17T07:09:05Z,"Follow us @crypto for our full coverage.
Bitcoin steadied after Elon Musk said 
Tesla Inc. hasnt sold from its holdings of the token, clarifying earlier comments that seemed to imply the electric v… [+2913 chars]",1,0.0,2021-05-17
91,"{'id': 'bloomberg', 'name': 'Bloomberg'}","Alyssa McDonald, Tracy Alloway",Five Things You Need to Know to Start Your Day,"Singapore and Taiwan are racing to stem spikes in Covid-19 cases. Elon Musk stirs up more crypto controversy. It’s time for emerging-market investors to get picky, money managers say. Here's what you need to know to start your day.",https://www.bloomberg.com/news/newsletters/2021-05-16/five-things-you-need-to-know-to-start-your-day,https://assets.bwbx.io/images/users/iqjWHBFdfxIU/iD.1K0qbpDsY/v0/1200x800.jpg,2021-05-16T23:23:27Z,"Singapore and Taiwan are racing to stem spikes in Covid-19 cases. Elon Musk stirs up more crypto controversy. Its time for emerging-market investors to get picky, money managers say. Here's what you … [+5939 chars]",1,0.0,2021-05-16
92,"{'id': 'business-insider', 'name': 'Business Insider'}",insider@insider.com (Victoria Cavaliere ),Bitcoin slides after Elon Musk appears to suggest in a tweet that Tesla might dump its holdings of the cryptocurrency,"In a Twitter exchange on Sunday, Musk appeared to agree with a user who implied Tesla will dump its bitcoin stake.",https://www.businessinsider.com/bitcoin-slides-after-elon-musk-seems-to-suggest-tesla-might-dump-the-cryptocurrency-2021-5,https://i.insider.com/6035556abed5c50011a2c1c2?width=1200&format=jpeg,2021-05-16T22:05:35Z,"Bitcoin slid about 9% on Sunday after Tesla CEO Elon Musk responded ""indeed"" to a comment posted on Twitter that suggested the electric vehicle company would dump -- or has already sold -- its holdin… [+1772 chars]",1,-0.20379999999999998,2021-05-16
93,"{'id': 'business-insider', 'name': 'Business Insider'}",jciolli@businessinsider.com (Joe Ciolli),"An exclusive interview with market sage Jeremy Grantham, plus wisdom from a 29-year-old crypto billionaire",The definitive collection of the best investing stories Business Insider published during the week ended May 15.,https://www.businessinsider.com/jeremy-grantham-interview-sam-bankman-fried-advice-inflation-insider-investing-2021-5,https://i.insider.com/5ff4a39f6056b60018721ff6?width=1200&format=jpeg,2021-05-16T19:35:00Z,"Hello and welcome to Insider Investing. I'm Joe Ciolli, and I'm here to guide you through what's been happening in markets. Here's what's on the docket:
If you aren't yet a subscriber to Insider Inv… [+1424 chars]",1,0.61815,2021-05-16
94,"{'id': 'bloomberg', 'name': 'Bloomberg'}",Joe Weisenthal,Elon Musk Just Reopened an Old Wound in the Bitcoin World,"Earlier this year, when Tesla added Bitcoin to its balance sheet, CEO Elon Musk became an instant hero in the cryptocurrency’s community. Then he started tweeting about Dogecoin — which is a parody of the whole thing — and started to go from hero to troll. Th…",https://www.bloomberg.com/news/articles/2021-05-16/elon-musk-just-reopened-an-old-wound-in-the-bitcoin-world,https://assets.bwbx.io/images/users/iqjWHBFdfxIU/inWw1e095AgQ/v1/1200x834.jpg,2021-05-16T17:05:54Z,"Earlier this year, when Tesla added Bitcoin to its balance sheet, CEO Elon Musk became an instant hero in the cryptocurrencys community. Then he started tweeting about Dogecoin  which is a parody of … [+2650 chars]",1,0.401,2021-05-16
95,"{'id': 'business-insider', 'name': 'Business Insider'}",ilee@insider.com (Isabelle Lee),"Fundstrat's Tom Lee explains why he's doubling down on bitcoin after Elon Musk's surprising reversal - and increasing his price target to $125,000","""I don't think it's going to get people negative on bitcoin, but it is going to get people to focus on the problems that are being created by digital assets.""",https://www.businessinsider.com/bitcoin-price-outlook-tom-lee-elon-musk-tesla-fundstrat-btc-2021-5,https://images2.markets.businessinsider.com/609eb5aa1b5cea0019c4519b?format=jpeg,2021-05-16T12:49:45Z,"Photo by Cindy Ord/Getty Images for Yahoo
Fundstrat Global Advisors managing partner Tom Lee is confident that bitcoin will continue to rally in the wake of Elon Musk's abrupt reversal Wednesday on … [+3158 chars]",1,-0.12674999999999997,2021-05-16
96,"{'id': 'business-insider', 'name': 'Business Insider'}",Kari McMahon,'Wolf of All Streets' crypto trader Scott Melker breaks down his strategy for making money using 'HODLing' and 100-times trade opportunities — and shares 5 under-the-radar tokens he thinks could explode,"Summary List PlacementScott Melker is one of the best-known names in the world of crypto trading. His alter-ego, ""The Wolf of All Streets"", is aptly named because of his versatility within the space.
Melker is, on one hand, a crypto thought-leader and influen…",https://www.businessinsider.com/crypto-trading-investing-tips-crypto-tokens-hodling-trader-scott-melker-2021-5,https://i.insider.com/609e703467e41a00186220ba?width=1200&format=jpeg,2021-05-15T12:10:00Z,"Scott Melker is one of the best-known names in the world of crypto trading. His alter-ego, ""The Wolf of All Streets"", is aptly named because of his versatility within the space.
Melker is, on one ha… [+5842 chars]",1,0.5399,2021-05-15
97,"{'id': 'business-insider', 'name': 'Business Insider'}",kshalvey@insider.com (Kevin Shalvey),"Shiba Inu coin investment turned New York brothers into multimillionaires a few months after they bet $8,000 on the 'parody' cryptocurrency, reports say","As Shiba Inu coin skyrocketed by more than 10,000%, a New York family's $8,000 investment reportedly turned into almost $9 million in crypto holdings.",https://www.businessinsider.com/shiba-inu-coin-cryptocurrency-turns-brothers-multimillionaires-2021-5,https://i.insider.com/609f9a1af27b4c0019444aaf?width=1200&format=jpeg,2021-05-15T10:40:55Z,"A New York family's investment of about $8,000 in Shiba Inu coin, a dogecoin spin-off, netted them a $9 million fortune in the space of a few months, CNN Business reported. 
The token gained attenti… [+1004 chars]",1,0.0,2021-05-15
98,"{'id': 'business-insider', 'name': 'Business Insider'}",Sophie Kiderlin,Millennials' love affair with crypto is burning red-hot right now — two out of three say it's more attractive than ever. Here's why they like it so much.,"Summary List PlacementCryptocurrencies are all the rage right now, thanks to the likes of Tesla boss Elon Musk hyping up dogecoin, or some of the world's most respected financial institutions making bitcoin available to their clients, right down to youngsters…",https://markets.businessinsider.com/currencies/news/millennials-investing-crypto-boom-bitcoin-ether-cryptocurrency-young-investors-2021-5-1030432496,https://images2.markets.businessinsider.com/60464e9c44d8e300117b999b?format=jpeg,2021-05-15T10:00:00Z,"Close-up photo of a woman buying cryptocurrency through a smart phone app that is also showing the growth graph.
Getty Images / vb
Cryptocurrencies are all the rage right now, thanks to the likes o… [+5242 chars]",1,0.77075,2021-05-15
99,"{'id': 'business-insider', 'name': 'Business Insider'}",Sophie Kiderlin,Millennials' love affair with crypto is burning red-hot right now — two out of three say it's more attractive than ever. Here's why they like it so much.,"Summary List PlacementCryptocurrencies are all the rage right now, thanks to the likes of Tesla boss Elon Musk hyping up dogecoin, or some of the world's most respected financial institutions making bitcoin available to their clients, right down to youngsters…",https://www.businessinsider.com/millennials-investing-crypto-boom-bitcoin-ether-cryptocurrency-young-investors-2021-5,https://i.insider.com/60464e9c44d8e300117b999b?width=1200&format=jpeg,2021-05-15T10:00:00Z,"Cryptocurrencies are all the rage right now, thanks to the likes of Tesla boss Elon Musk hyping up dogecoin, or some of the world's most respected financial institutions making bitcoin available to t… [+5109 chars]",1,0.77075,2021-05-15
